id_detalle,transaccion,cuota,valor,estado,fecha_pago,fecha_pagado,fotografia,enviar_pdf
2e51c4d1,a564dfb5,1,254,PAGADO,2023-08-15,2023-08-15,https://i.ibb.co/nqyL4F81/pendiente-de-subir.png,
94f2de6f,a564dfb5,2,254,PAGADO,2023-09-15,2023-09-15,https://i.ibb.co/nqyL4F81/pendiente-de-subir.png,
07d24b22,a564dfb5,3,254,PAGADO,2023-10-15,2023-10-15,https://i.ibb.co/nqyL4F81/pendiente-de-subir.png,
0ed65127,a564dfb5,4,254,PAGADO,2023-11-15,2023-11-15,https://i.ibb.co/nqyL4F81/pendiente-de-subir.png,
5a83ec98,a564dfb5,5,254,PAGADO,2023-12-15,2023-12-15,https://i.ibb.co/nqyL4F81/pendiente-de-subir.png,
747749bf,a564dfb5,6,254,PAGADO,2024-01-15,2023-12-15,https://i.ibb.co/nqyL4F81/pendiente-de-subir.png,
31d035af,a564dfb5,7,254,PAGADO,2024-02-15,2023-12-15,https://i.ibb.co/nqyL4F81/pendiente-de-subir.png,
31893f43,a564dfb5,8,254,PAGADO,2024-03-15,2023-12-15,https://i.ibb.co/nqyL4F81/pendiente-de-subir.png,
63eac059,a564dfb5,9,254,PAGADO,2024-04-15,2023-12-15,https://i.ibb.co/nqyL4F81/pendiente-de-subir.png,
4bfb9424,a564dfb5,10,254,PAGADO,2024-05-15,2023-12-15,https://i.ibb.co/nqyL4F81/pendiente-de-subir.png,
1468f001,a564dfb5,11,254,PAGADO,2024-06-15,2023-12-15,https://i.ibb.co/nqyL4F81/pendiente-de-subir.png,
e58ccfdf,a564dfb5,12,254,PAGADO,2024-07-15,2023-12-15,https://i.ibb.co/nqyL4F81/pendiente-de-subir.png,
4455bba4,a564dfb5,13,254,PAGADO,2024-08-15,2023-12-15,https://i.ibb.co/nqyL4F81/pendiente-de-subir.png,
f34760ec,a564dfb5,14,254,PAGADO,2024-09-15,2023-12-15,https://i.ibb.co/nqyL4F81/pendiente-de-subir.png,
c4b17487,a564dfb5,15,254,PAGADO,2024-10-15,2023-12-15,https://i.ibb.co/nqyL4F81/pendiente-de-subir.png,
b29e79fd,a564dfb5,16,254,PAGADO,2024-11-15,2023-12-15,https://i.ibb.co/nqyL4F81/pendiente-de-subir.png,
ea0a2407,a564dfb5,17,254,PAGADO,2024-12-15,2023-12-15,https://i.ibb.co/nqyL4F81/pendiente-de-subir.png,
fc942a9c,a564dfb5,18,254,PAGADO,2025-01-15,2023-12-15,https://i.ibb.co/nqyL4F81/pendiente-de-subir.png,
9599575f,a564dfb5,19,254,PAGADO,2025-02-15,2023-12-15,https://i.ibb.co/nqyL4F81/pendiente-de-subir.png,
c9612582,a564dfb5,20,254,PAGADO,2025-03-15,2023-12-15,https://i.ibb.co/nqyL4F81/pendiente-de-subir.png,
cb3d3078,a564dfb5,21,254,PAGADO,2025-04-15,2023-12-15,https://i.ibb.co/nqyL4F81/pendiente-de-subir.png,
efbba61a,a564dfb5,22,254,PAGADO,2025-05-15,2023-12-15,https://i.ibb.co/nqyL4F81/pendiente-de-subir.png,
5f4ca2ec,a564dfb5,23,254,PAGADO,2025-06-15,2023-12-15,https://i.ibb.co/nqyL4F81/pendiente-de-subir.png,
f05efba6,a564dfb5,24,247,PAGADO,2025-07-15,2023-12-15,https://i.ibb.co/nqyL4F81/pendiente-de-subir.png,
1a99aafd,a7ddfc59,1,379,PAGADO,2022-06-15,2022-06-15,https://i.ibb.co/nqyL4F81/pendiente-de-subir.png,
8a067f7f,a7ddfc59,2,379,PAGADO,2022-07-15,2022-07-15,https://i.ibb.co/nqyL4F81/pendiente-de-subir.png,
3b95ab68,a7ddfc59,3,379,PAGADO,2022-08-15,2022-08-15,https://i.ibb.co/nqyL4F81/pendiente-de-subir.png,
c9cb21d5,a7ddfc59,4,379,PAGADO,2022-09-15,2022-09-15,https://i.ibb.co/nqyL4F81/pendiente-de-subir.png,
34e3bdaf,a7ddfc59,5,379,PAGADO,2022-10-15,2022-10-15,https://i.ibb.co/nqyL4F81/pendiente-de-subir.png,
474b144c,a7ddfc59,6,379,PAGADO,2022-11-15,2022-11-15,https://i.ibb.co/nqyL4F81/pendiente-de-subir.png,
d9eab932,a7ddfc59,7,379,PAGADO,2022-12-15,2022-12-15,https://i.ibb.co/nqyL4F81/pendiente-de-subir.png,
8d09e30e,a7ddfc59,8,379,PAGADO,2023-01-15,2023-01-15,https://i.ibb.co/nqyL4F81/pendiente-de-subir.png,
7b31aade,a7ddfc59,9,379,PAGADO,2023-02-15,2023-02-15,https://i.ibb.co/nqyL4F81/pendiente-de-subir.png,
f8103e54,a7ddfc59,10,379,PAGADO,2023-03-15,2023-03-15,https://i.ibb.co/nqyL4F81/pendiente-de-subir.png,
d90aabc8,a7ddfc59,11,379,PAGADO,2023-04-15,2023-04-15,https://i.ibb.co/nqyL4F81/pendiente-de-subir.png,
e0d1b617,a7ddfc59,12,379,PAGADO,2023-05-15,2023-05-15,https://i.ibb.co/nqyL4F81/pendiente-de-subir.png,
15671f6f,a7ddfc59,13,379,PAGADO,2023-06-15,2023-06-15,https://i.ibb.co/nqyL4F81/pendiente-de-subir.png,
35bdcb95,a7ddfc59,14,379,PAGADO,2023-07-15,2023-07-15,https://i.ibb.co/nqyL4F81/pendiente-de-subir.png,
0e313f49,a7ddfc59,15,379,PAGADO,2023-08-15,2023-08-15,https://i.ibb.co/nqyL4F81/pendiente-de-subir.png,
bbbbfbd4,a7ddfc59,16,379,PAGADO,2023-09-15,2023-09-15,https://i.ibb.co/nqyL4F81/pendiente-de-subir.png,
9160187c,a7ddfc59,17,379,PAGADO,2023-10-15,2023-10-15,https://i.ibb.co/nqyL4F81/pendiente-de-subir.png,
298dee8b,a7ddfc59,18,379,PAGADO,2023-11-15,2023-11-15,https://i.ibb.co/nqyL4F81/pendiente-de-subir.png,
0cba34e2,a7ddfc59,19,379,PAGADO,2023-12-15,2023-12-15,https://i.ibb.co/nqyL4F81/pendiente-de-subir.png,
a064e734,a7ddfc59,20,379,PAGADO,2024-01-15,2023-12-15,https://i.ibb.co/nqyL4F81/pendiente-de-subir.png,
2600699e,a7ddfc59,21,379,PAGADO,2024-02-15,2023-12-15,https://i.ibb.co/nqyL4F81/pendiente-de-subir.png,
0b129067,a7ddfc59,22,379,PAGADO,2024-03-15,2023-12-15,https://i.ibb.co/nqyL4F81/pendiente-de-subir.png,
d1cdf85d,a7ddfc59,23,379,PAGADO,2024-04-15,2023-12-15,https://i.ibb.co/nqyL4F81/pendiente-de-subir.png,
c56083b8,a7ddfc59,24,379,PAGADO,2024-05-15,2023-12-15,https://i.ibb.co/nqyL4F81/pendiente-de-subir.png,
ddd17a91,a7ddfc59,25,379,PAGADO,2024-06-15,2023-12-15,https://i.ibb.co/nqyL4F81/pendiente-de-subir.png,
f27ace1e,a7ddfc59,26,379,PAGADO,2024-07-15,2023-12-15,https://i.ibb.co/nqyL4F81/pendiente-de-subir.png,
d5b60fc4,a7ddfc59,27,379,PAGADO,2024-08-15,2023-12-15,https://i.ibb.co/nqyL4F81/pendiente-de-subir.png,
4dbdc285,a7ddfc59,28,379,PAGADO,2024-09-15,2023-12-15,https://i.ibb.co/nqyL4F81/pendiente-de-subir.png,
ddaf94bc,a7ddfc59,29,379,PAGADO,2024-10-15,2023-12-15,https://i.ibb.co/nqyL4F81/pendiente-de-subir.png,
6c7b6a94,a7ddfc59,30,379,PAGADO,2024-11-15,2023-12-15,https://i.ibb.co/nqyL4F81/pendiente-de-subir.png,
740205ef,a7ddfc59,31,379,PAGADO,2024-12-15,2023-12-15,https://i.ibb.co/nqyL4F81/pendiente-de-subir.png,
94adde6d,a7ddfc59,32,379,PAGADO,2025-01-15,2023-12-15,https://i.ibb.co/nqyL4F81/pendiente-de-subir.png,
8d497b7e,a7ddfc59,33,379,PAGADO,2025-02-15,2023-12-15,https://i.ibb.co/nqyL4F81/pendiente-de-subir.png,
caf8a35a,a7ddfc59,34,379,PAGADO,2025-03-15,2023-12-15,https://i.ibb.co/nqyL4F81/pendiente-de-subir.png,
5c8bc6bc,a7ddfc59,35,379,PAGADO,2025-04-15,2023-12-15,https://i.ibb.co/nqyL4F81/pendiente-de-subir.png,
ec8d6b07,a7ddfc59,36,379,PAGADO,2025-05-15,2023-12-15,https://i.ibb.co/nqyL4F81/pendiente-de-subir.png,
17de294d,9d171f5f,1,351,PAGADO,2022-10-15,2022-10-15,https://i.ibb.co/nqyL4F81/pendiente-de-subir.png,
1e4a4c5d,9d171f5f,2,351,PAGADO,2022-11-15,2022-11-15,https://i.ibb.co/nqyL4F81/pendiente-de-subir.png,
0e05ed82,9d171f5f,3,351,PAGADO,2022-12-15,2022-12-15,https://i.ibb.co/nqyL4F81/pendiente-de-subir.png,
fe77b9fa,9d171f5f,4,351,PAGADO,2023-01-15,2023-01-15,https://i.ibb.co/nqyL4F81/pendiente-de-subir.png,
b863c4e4,9d171f5f,5,351,PAGADO,2023-02-15,2023-02-15,https://i.ibb.co/nqyL4F81/pendiente-de-subir.png,
d4a355bf,9d171f5f,6,351,PAGADO,2023-03-15,2023-03-15,https://i.ibb.co/nqyL4F81/pendiente-de-subir.png,
330d3609,9d171f5f,7,351,PAGADO,2023-04-15,2023-04-15,https://i.ibb.co/nqyL4F81/pendiente-de-subir.png,
34d66656,9d171f5f,8,351,PAGADO,2023-05-15,2023-05-15,https://i.ibb.co/nqyL4F81/pendiente-de-subir.png,
08acd860,9d171f5f,9,351,PAGADO,2023-06-15,2023-06-15,https://i.ibb.co/nqyL4F81/pendiente-de-subir.png,
9203e9bd,9d171f5f,10,351,PAGADO,2023-07-15,2023-07-15,https://i.ibb.co/nqyL4F81/pendiente-de-subir.png,
d52c3560,9d171f5f,11,351,PAGADO,2023-08-15,2023-08-15,https://i.ibb.co/nqyL4F81/pendiente-de-subir.png,
57d8621f,9d171f5f,12,351,PAGADO,2023-09-15,2023-09-15,https://i.ibb.co/nqyL4F81/pendiente-de-subir.png,
176a3b4f,9d171f5f,13,351,PAGADO,2023-10-15,2023-10-15,https://i.ibb.co/nqyL4F81/pendiente-de-subir.png,
d4781326,9d171f5f,14,351,PAGADO,2023-11-15,2023-11-15,https://i.ibb.co/nqyL4F81/pendiente-de-subir.png,
6f9b6454,9d171f5f,15,351,PAGADO,2023-12-15,2023-12-15,https://i.ibb.co/nqyL4F81/pendiente-de-subir.png,
8ecf7459,9d171f5f,16,351,PAGADO,2024-01-15,2024-01-15,https://i.ibb.co/nqyL4F81/pendiente-de-subir.png,
106b0a58,9d171f5f,17,351,PAGADO,2024-02-15,,https://i.ibb.co/nqyL4F81/pendiente-de-subir.png,
4453cf3f,9d171f5f,18,351,PAGADO,2024-03-15,,https://i.ibb.co/nqyL4F81/pendiente-de-subir.png,
fe038e58,9d171f5f,19,351,PAGADO,2024-04-15,,https://i.ibb.co/nqyL4F81/pendiente-de-subir.png,
f7dac46c,9d171f5f,20,351,PAGADO,2024-05-15,,https://i.ibb.co/nqyL4F81/pendiente-de-subir.png,
f4d8d72f,9d171f5f,21,351,PAGADO,2024-06-15,,https://i.ibb.co/nqyL4F81/pendiente-de-subir.png,
242c8d64,9d171f5f,22,351,PAGADO,2024-07-15,,https://i.ibb.co/nqyL4F81/pendiente-de-subir.png,
140e840b,9d171f5f,23,351,PAGADO,2024-08-15,,https://i.ibb.co/nqyL4F81/pendiente-de-subir.png,
a0a53ae5,9d171f5f,24,351,PAGADO,2024-09-15,,https://i.ibb.co/nqyL4F81/pendiente-de-subir.png,
0651c911,9d171f5f,25,351,PAGADO,2024-10-15,,https://i.ibb.co/nqyL4F81/pendiente-de-subir.png,
ba6aa21c,9d171f5f,26,351,PAGADO,2024-11-15,,https://i.ibb.co/nqyL4F81/pendiente-de-subir.png,
93218ca1,9d171f5f,27,351,PAGADO,2024-12-15,,https://i.ibb.co/nqyL4F81/pendiente-de-subir.png,
076f11f2,9d171f5f,28,351,PAGADO,2025-01-15,,https://i.ibb.co/nqyL4F81/pendiente-de-subir.png,
2c1ead83,9d171f5f,29,351,PAGADO,2025-02-15,,https://i.ibb.co/nqyL4F81/pendiente-de-subir.png,
dd5cef28,9d171f5f,30,351,PAGADO,2025-03-15,,https://i.ibb.co/nqyL4F81/pendiente-de-subir.png,
c4f6b904,9d171f5f,31,351,PAGADO,2025-04-15,,https://i.ibb.co/nqyL4F81/pendiente-de-subir.png,
11e2a891,9d171f5f,32,351,PAGADO,2025-05-15,,https://i.ibb.co/nqyL4F81/pendiente-de-subir.png,
76ade176,9d171f5f,33,351,PAGADO,2025-06-15,,https://i.ibb.co/nqyL4F81/pendiente-de-subir.png,
c6cd4107,9d171f5f,34,351,PAGADO,2025-07-15,,https://i.ibb.co/nqyL4F81/pendiente-de-subir.png,
765d2cae,9d171f5f,35,351,PAGADO,2025-08-15,,https://i.ibb.co/nqyL4F81/pendiente-de-subir.png,
30fc06c6,9d171f5f,36,351,PAGADO,2025-09-15,,https://i.ibb.co/nqyL4F81/pendiente-de-subir.png,
c1ee6ade,9d171f5f,37,351,PAGADO,2025-10-15,,https://i.ibb.co/nqyL4F81/pendiente-de-subir.png,
8f090c0f,9d171f5f,38,351,PAGADO,2025-11-15,,https://i.ibb.co/nqyL4F81/pendiente-de-subir.png,
4cf55b9d,9d171f5f,39,351,PAGADO,2025-12-15,,https://i.ibb.co/nqyL4F81/pendiente-de-subir.png,
c7b7fa85,9d171f5f,40,351,PAGADO,2026-01-15,,https://i.ibb.co/nqyL4F81/pendiente-de-subir.png,
32ae3b2d,9d171f5f,41,351,PAGADO,2026-02-15,,https://i.ibb.co/nqyL4F81/pendiente-de-subir.png,
63ac3876,9d171f5f,42,351,PAGADO,2026-03-15,,https://i.ibb.co/nqyL4F81/pendiente-de-subir.png,
ef2e60d6,9d171f5f,43,351,PAGADO,2026-04-15,,https://i.ibb.co/nqyL4F81/pendiente-de-subir.png,
bf9804c1,9d171f5f,44,351,PAGADO,2026-05-15,,https://i.ibb.co/nqyL4F81/pendiente-de-subir.png,
1907f222,9d171f5f,45,351,PAGADO,2026-06-15,,https://i.ibb.co/nqyL4F81/pendiente-de-subir.png,
0a636ba2,9d171f5f,46,351,PAGADO,2026-07-15,,https://i.ibb.co/nqyL4F81/pendiente-de-subir.png,
21207913,9d171f5f,47,351,PAGADO,2026-08-15,,https://i.ibb.co/nqyL4F81/pendiente-de-subir.png,
b37120ae,9d171f5f,48,351,PAGADO,2026-09-15,,https://i.ibb.co/nqyL4F81/pendiente-de-subir.png,
f2cbe62b,e2e68033,1,14768.32,PAGADO,2024-07-03,2024-07-03,https://i.ibb.co/nqyL4F81/pendiente-de-subir.png,
57450b08,d63cc008,1,11657.08,PAGADO,2024-07-07,2024-07-03,https://i.ibb.co/nqyL4F81/pendiente-de-subir.png,
1207b03d,b37404f7,1,1423,PAGADO,2024-01-15,2024-01-15,https://i.ibb.co/nqyL4F81/pendiente-de-subir.png,
c816c8ce,b37404f7,2,1394,PAGADO,2024-02-15,2024-02-17,https://i.ibb.co/nqyL4F81/pendiente-de-subir.png,
5220d3ee,b37404f7,3,1394,PAGADO,2024-03-15,2024-03-18,https://i.ibb.co/nqyL4F81/pendiente-de-subir.png,
dd1e1619,b37404f7,4,1394,PAGADO,2024-04-15,2024-04-15,https://i.ibb.co/nqyL4F81/pendiente-de-subir.png,
e99eca15,b37404f7,5,1394,PAGADO,2024-05-15,2024-05-15,https://i.ibb.co/nqyL4F81/pendiente-de-subir.png,
81b8f9ff,b37404f7,6,1394,PAGADO,2024-06-15,2024-06-15,https://i.ibb.co/nqyL4F81/pendiente-de-subir.png,
6013abc4,b37404f7,7,1394,PAGADO,2024-07-15,2024-07-15,https://i.ibb.co/nqyL4F81/pendiente-de-subir.png,
3108a4d8,b37404f7,8,1394,PAGADO,2024-08-15,2024-08-16,https://i.ibb.co/nqyL4F81/pendiente-de-subir.png,
e8e3808c,b37404f7,9,1394,PAGADO,2024-09-15,2024-09-16,https://i.ibb.co/nqyL4F81/pendiente-de-subir.png,
732d0f19,b37404f7,10,1394,PAGADO,2024-10-15,,https://i.ibb.co/nqyL4F81/pendiente-de-subir.png,
5c16792d,b37404f7,11,1394,PAGADO,2024-11-15,,https://i.ibb.co/nqyL4F81/pendiente-de-subir.png,
43371eff,b37404f7,12,1394,PAGADO,2024-12-15,,https://i.ibb.co/nqyL4F81/pendiente-de-subir.png,
1d0e8c0d,b37404f7,13,1402,PAGADO,2025-01-15,,https://i.ibb.co/nqyL4F81/pendiente-de-subir.png,
c91949c7,0a03118b,1,66,PAGADO,2024-01-15,2024-01-15,https://i.ibb.co/nqyL4F81/pendiente-de-subir.png,
96f33cde,0a03118b,2,286,PAGADO,2024-02-15,2024-02-17,https://i.ibb.co/nqyL4F81/pendiente-de-subir.png,
e4d79ddd,0a03118b,3,286,PAGADO,2024-03-15,2024-03-18,https://i.ibb.co/nqyL4F81/pendiente-de-subir.png,
c2aba6d0,0a03118b,4,286,PAGADO,2024-04-15,2024-04-15,https://i.ibb.co/nqyL4F81/pendiente-de-subir.png,
74c5d393,0a03118b,5,286,PAGADO,2024-05-15,2024-05-15,https://i.ibb.co/nqyL4F81/pendiente-de-subir.png,
15117340,0a03118b,6,286,PAGADO,2024-06-15,2024-06-15,https://i.ibb.co/nqyL4F81/pendiente-de-subir.png,
15bc15d2,0a03118b,7,286,PAGADO,2024-07-15,2024-07-15,https://i.ibb.co/nqyL4F81/pendiente-de-subir.png,
effbb425,0a03118b,8,286,PAGADO,2024-08-15,,https://i.ibb.co/nqyL4F81/pendiente-de-subir.png,
d7de1d63,0a03118b,9,286,PAGADO,2024-09-15,,https://i.ibb.co/nqyL4F81/pendiente-de-subir.png,
ba1622b9,0a03118b,10,286,PAGADO,2024-10-15,,https://i.ibb.co/nqyL4F81/pendiente-de-subir.png,
337faa34,0a03118b,11,286,PAGADO,2024-11-15,,https://i.ibb.co/nqyL4F81/pendiente-de-subir.png,
4ebf4579,0a03118b,12,286,PAGADO,2024-12-15,,https://i.ibb.co/nqyL4F81/pendiente-de-subir.png,
f6eb062a,0a03118b,13,286,PAGADO,2025-01-15,,https://i.ibb.co/nqyL4F81/pendiente-de-subir.png,
251bcaa6,0a03118b,14,286,PAGADO,2025-02-15,,https://i.ibb.co/nqyL4F81/pendiente-de-subir.png,
b0c34563,0a03118b,15,286,PAGADO,2025-03-15,,https://i.ibb.co/nqyL4F81/pendiente-de-subir.png,
60707776,0a03118b,16,286,PAGADO,2025-04-15,,https://i.ibb.co/nqyL4F81/pendiente-de-subir.png,
070f6af8,0a03118b,17,286,PAGADO,2025-05-15,,https://i.ibb.co/nqyL4F81/pendiente-de-subir.png,
7a128bc1,0a03118b,18,286,PAGADO,2025-06-15,,https://i.ibb.co/nqyL4F81/pendiente-de-subir.png,
49d1f3fa,0a03118b,19,286,PAGADO,2025-07-15,,https://i.ibb.co/nqyL4F81/pendiente-de-subir.png,
7e69a8bd,0a03118b,20,286,PAGADO,2025-08-15,,https://i.ibb.co/nqyL4F81/pendiente-de-subir.png,
4e33b2ee,0a03118b,21,286,PAGADO,2025-09-15,,https://i.ibb.co/nqyL4F81/pendiente-de-subir.png,
7b71219a,0a03118b,22,286,PAGADO,2025-10-15,,https://i.ibb.co/nqyL4F81/pendiente-de-subir.png,
76d58e59,0a03118b,23,286,PAGADO,2025-11-15,,https://i.ibb.co/nqyL4F81/pendiente-de-subir.png,
c212ff4b,0a03118b,24,286,PAGADO,2025-12-15,,https://i.ibb.co/nqyL4F81/pendiente-de-subir.png,
33313c40,0a03118b,25,286,PAGADO,2026-01-15,,https://i.ibb.co/nqyL4F81/pendiente-de-subir.png,
88220651,0a03118b,26,286,PAGADO,2026-02-15,,https://i.ibb.co/nqyL4F81/pendiente-de-subir.png,
8badd80b,0a03118b,27,286,PAGADO,2026-03-15,,https://i.ibb.co/nqyL4F81/pendiente-de-subir.png,
85ad0348,0a03118b,28,286,PAGADO,2026-04-15,,https://i.ibb.co/nqyL4F81/pendiente-de-subir.png,
df421a5d,0a03118b,29,286,PAGADO,2026-05-15,,https://i.ibb.co/nqyL4F81/pendiente-de-subir.png,
1a3e3af3,0a03118b,30,286,PAGADO,2026-06-15,,https://i.ibb.co/nqyL4F81/pendiente-de-subir.png,
4f8b1a72,0a03118b,31,286,PAGADO,2026-07-15,,https://i.ibb.co/nqyL4F81/pendiente-de-subir.png,
c3169a37,0a03118b,32,286,PAGADO,2026-08-15,,https://i.ibb.co/nqyL4F81/pendiente-de-subir.png,
3e25e140,0a03118b,33,286,PAGADO,2026-09-15,,https://i.ibb.co/nqyL4F81/pendiente-de-subir.png,
1f761037,0a03118b,34,286,PAGADO,2026-10-15,,https://i.ibb.co/nqyL4F81/pendiente-de-subir.png,
7c3980ea,0a03118b,35,286,PAGADO,2026-11-15,,https://i.ibb.co/nqyL4F81/pendiente-de-subir.png,
53a80846,0a03118b,36,286,PAGADO,2026-12-15,,https://i.ibb.co/nqyL4F81/pendiente-de-subir.png,
5324d56b,0a03118b,37,286,PAGADO,2027-01-15,,https://i.ibb.co/nqyL4F81/pendiente-de-subir.png,
f17d4962,0a03118b,38,286,PAGADO,2027-02-15,,https://i.ibb.co/nqyL4F81/pendiente-de-subir.png,
a1713953,0a03118b,39,286,PAGADO,2027-03-15,,https://i.ibb.co/nqyL4F81/pendiente-de-subir.png,
cfdc855e,0a03118b,40,286,PAGADO,2027-04-15,,https://i.ibb.co/nqyL4F81/pendiente-de-subir.png,
855c5190,0a03118b,41,286,PAGADO,2027-05-15,,https://i.ibb.co/nqyL4F81/pendiente-de-subir.png,
f00d84db,0a03118b,42,286,PAGADO,2027-06-15,,https://i.ibb.co/nqyL4F81/pendiente-de-subir.png,
dc81d25b,0a03118b,43,286,PAGADO,2027-07-15,,https://i.ibb.co/nqyL4F81/pendiente-de-subir.png,
2c307adf,0a03118b,44,286,PAGADO,2027-08-15,,https://i.ibb.co/nqyL4F81/pendiente-de-subir.png,
90bd6b39,0a03118b,45,286,PAGADO,2027-09-15,,https://i.ibb.co/nqyL4F81/pendiente-de-subir.png,
6993dda2,0a03118b,46,286,PAGADO,2027-10-15,,https://i.ibb.co/nqyL4F81/pendiente-de-subir.png,
67416f19,0a03118b,47,286,PAGADO,2027-11-15,,https://i.ibb.co/nqyL4F81/pendiente-de-subir.png,
c3301d74,0a03118b,48,286,PAGADO,2027-12-15,,https://i.ibb.co/nqyL4F81/pendiente-de-subir.png,
1dbcb9b2,0a03118b,49,286,PAGADO,2028-01-15,,https://i.ibb.co/nqyL4F81/pendiente-de-subir.png,
a81ca3bf,0a03118b,50,286,PAGADO,2028-02-15,,https://i.ibb.co/nqyL4F81/pendiente-de-subir.png,
0b6b47ee,0a03118b,51,286,PAGADO,2028-03-15,,https://i.ibb.co/nqyL4F81/pendiente-de-subir.png,
d437722f,0a03118b,52,286,PAGADO,2028-04-15,,https://i.ibb.co/nqyL4F81/pendiente-de-subir.png,
13a7e0d1,0a03118b,53,286,PAGADO,2028-05-15,,https://i.ibb.co/nqyL4F81/pendiente-de-subir.png,
ba1e2156,0a03118b,54,286,PAGADO,2028-06-15,,https://i.ibb.co/nqyL4F81/pendiente-de-subir.png,
1d95bf3c,0a03118b,55,286,PAGADO,2028-07-15,,https://i.ibb.co/nqyL4F81/pendiente-de-subir.png,
6f6b4273,0a03118b,56,286,PAGADO,2028-08-15,,https://i.ibb.co/nqyL4F81/pendiente-de-subir.png,
a866cb3c,0a03118b,57,286,PAGADO,2028-09-15,,https://i.ibb.co/nqyL4F81/pendiente-de-subir.png,
e10473c0,0a03118b,58,286,PAGADO,2028-10-15,,https://i.ibb.co/nqyL4F81/pendiente-de-subir.png,
1dc480b5,0a03118b,59,286,PAGADO,2028-11-15,,https://i.ibb.co/nqyL4F81/pendiente-de-subir.png,
642ba3d3,0a03118b,60,286,PAGADO,2028-12-15,,https://i.ibb.co/nqyL4F81/pendiente-de-subir.png,
afa58ec3,0a03118b,61,286,PAGADO,2029-01-15,,https://i.ibb.co/nqyL4F81/pendiente-de-subir.png,
8a613f4b,595792ef,1,709,PAGADO,2025-01-17,,https://i.ibb.co/nqyL4F81/pendiente-de-subir.png,
05d7c91a,747c4bde,1,7176.77,PAGADO,2025-01-16,,https://i.ibb.co/nqyL4F81/pendiente-de-subir.png,
b595bfa1,7cd605cc,1,929,PAGADO,2024-03-15,2024-03-18,https://i.ibb.co/nqyL4F81/pendiente-de-subir.png,
a920495c,7cd605cc,2,889,PAGADO,2024-04-15,2024-04-15,https://i.ibb.co/nqyL4F81/pendiente-de-subir.png,
5e54dc3b,7cd605cc,3,889,PAGADO,2024-05-15,2024-05-15,https://i.ibb.co/nqyL4F81/pendiente-de-subir.png,
8430069b,7cd605cc,4,889,PAGADO,2024-06-15,2024-06-15,https://i.ibb.co/nqyL4F81/pendiente-de-subir.png,
ea3dd599,7cd605cc,5,889,PAGADO,2024-07-15,2024-07-15,https://i.ibb.co/nqyL4F81/pendiente-de-subir.png,
55138c2b,7cd605cc,6,889,PAGADO,2024-08-15,2024-08-16,https://i.ibb.co/nqyL4F81/pendiente-de-subir.png,
92a93565,7cd605cc,7,889,PAGADO,2024-09-15,2024-09-16,https://i.ibb.co/nqyL4F81/pendiente-de-subir.png,
909cf19a,7cd605cc,8,889,PAGADO,2024-10-15,2024-10-15,https://i.ibb.co/nqyL4F81/pendiente-de-subir.png,
4c55c99f,7cd605cc,9,889,PAGADO,2024-11-15,2024-11-15,https://i.ibb.co/nqyL4F81/pendiente-de-subir.png,
37614086,7cd605cc,10,889,PAGADO,2024-12-15,2024-12-15,https://i.ibb.co/nqyL4F81/pendiente-de-subir.png,
594c3f27,7cd605cc,11,889,PAGADO,2025-01-15,2025-01-15,https://i.ibb.co/nqyL4F81/pendiente-de-subir.png,
1dca2fc8,7cd605cc,12,889,PAGADO,2025-02-15,2025-02-15,https://i.ibb.co/nqyL4F81/pendiente-de-subir.png,
3fa7bc92,8598d0d0,1,15442,PAGADO,2025-03-03,2025-03-03,https://i.ibb.co/nqyL4F81/pendiente-de-subir.png,
e911e720,0df19293,1,14192,PAGADO,2025-03-03,2025-03-03,https://i.ibb.co/nqyL4F81/pendiente-de-subir.png,
dadasdsa,b6611f0d,1,407,PAGADO,2024-09-16,2024-09-16,https://i.ibb.co/nqyL4F81/pendiente-de-subir.png,
55239d0e,b6611f0d,2,362,PAGADO,2024-10-16,2024-10-16,https://i.ibb.co/nqyL4F81/pendiente-de-subir.png,
ede57f6d,b6611f0d,3,362,PAGADO,2024-11-16,2024-11-15,https://i.ibb.co/nqyL4F81/pendiente-de-subir.png,
be5850b1,b6611f0d,4,362,PAGADO,2024-12-16,2024-12-15,https://i.ibb.co/nqyL4F81/pendiente-de-subir.png,
0f6c7a8c,b6611f0d,5,362,PAGADO,2025-01-16,,https://i.ibb.co/nqyL4F81/pendiente-de-subir.png,
ad06f852,b6611f0d,6,362,PAGADO,2025-02-16,,https://i.ibb.co/nqyL4F81/pendiente-de-subir.png,
e1ef4389,b6611f0d,7,362,PAGADO,2025-03-16,,https://i.ibb.co/nqyL4F81/pendiente-de-subir.png,
5ab37633,b6611f0d,8,362,PAGADO,2025-04-16,,https://i.ibb.co/nqyL4F81/pendiente-de-subir.png,
97c7bb00,b6611f0d,9,362,PAGADO,2025-05-16,,https://i.ibb.co/nqyL4F81/pendiente-de-subir.png,
d1f26e5a,b6611f0d,10,362,PAGADO,2025-06-16,,https://i.ibb.co/nqyL4F81/pendiente-de-subir.png,
6de2fd28,b6611f0d,11,362,PAGADO,2025-07-16,,https://i.ibb.co/nqyL4F81/pendiente-de-subir.png,
ffe32f59,b6611f0d,12,362,PAGADO,2025-08-16,,https://i.ibb.co/nqyL4F81/pendiente-de-subir.png,
4981a78c,b6611f0d,13,362,PAGADO,2025-09-16,,https://i.ibb.co/nqyL4F81/pendiente-de-subir.png,
495e5c74,b6611f0d,14,362,PAGADO,2025-10-16,,https://i.ibb.co/nqyL4F81/pendiente-de-subir.png,
a1ff124b,b6611f0d,15,362,PAGADO,2025-11-16,,https://i.ibb.co/nqyL4F81/pendiente-de-subir.png,
0d45fcb9,b6611f0d,16,362,PAGADO,2025-12-16,,https://i.ibb.co/nqyL4F81/pendiente-de-subir.png,
ed6d8584,b6611f0d,17,362,PAGADO,2026-01-16,,https://i.ibb.co/nqyL4F81/pendiente-de-subir.png,
e2fd07e3,b6611f0d,18,362,PAGADO,2026-02-16,,https://i.ibb.co/nqyL4F81/pendiente-de-subir.png,
02bae1c7,b6611f0d,19,362,PAGADO,2026-03-16,,https://i.ibb.co/nqyL4F81/pendiente-de-subir.png,
e2aca557,b6611f0d,20,362,PAGADO,2026-04-16,,https://i.ibb.co/nqyL4F81/pendiente-de-subir.png,
1c030100,b6611f0d,21,362,PAGADO,2026-05-16,,https://i.ibb.co/nqyL4F81/pendiente-de-subir.png,
2cf3a51c,b6611f0d,22,362,PAGADO,2026-06-16,,https://i.ibb.co/nqyL4F81/pendiente-de-subir.png,
d652a90a,b6611f0d,23,362,PAGADO,2026-07-16,,https://i.ibb.co/nqyL4F81/pendiente-de-subir.png,
b8ee397e,b6611f0d,24,362,PAGADO,2026-08-16,,https://i.ibb.co/nqyL4F81/pendiente-de-subir.png,
1b19cbc5,b6611f0d,25,362,PAGADO,2026-09-16,,https://i.ibb.co/nqyL4F81/pendiente-de-subir.png,
cecb9837,b6611f0d,26,362,PAGADO,2026-10-16,,https://i.ibb.co/nqyL4F81/pendiente-de-subir.png,
df514902,b6611f0d,27,362,PAGADO,2026-11-16,,https://i.ibb.co/nqyL4F81/pendiente-de-subir.png,
d820ae85,b6611f0d,28,362,PAGADO,2026-12-16,,https://i.ibb.co/nqyL4F81/pendiente-de-subir.png,
39ffec91,b6611f0d,29,362,PAGADO,2027-01-16,,https://i.ibb.co/nqyL4F81/pendiente-de-subir.png,
ee8351f7,b6611f0d,30,362,PAGADO,2027-02-16,,https://i.ibb.co/nqyL4F81/pendiente-de-subir.png,
94eb8f8e,b6611f0d,31,362,PAGADO,2027-03-16,,https://i.ibb.co/nqyL4F81/pendiente-de-subir.png,
1cbda1f4,b6611f0d,32,362,PAGADO,2027-04-16,,https://i.ibb.co/nqyL4F81/pendiente-de-subir.png,
5b985d19,b6611f0d,33,362,PAGADO,2027-05-16,,https://i.ibb.co/nqyL4F81/pendiente-de-subir.png,
a299fab8,b6611f0d,34,362,PAGADO,2027-06-16,,https://i.ibb.co/nqyL4F81/pendiente-de-subir.png,
e8bca6b4,b6611f0d,35,362,PAGADO,2027-07-16,,https://i.ibb.co/nqyL4F81/pendiente-de-subir.png,
a9a22012,b6611f0d,36,362,PAGADO,2027-08-16,,https://i.ibb.co/nqyL4F81/pendiente-de-subir.png,
62b9daa3,b6611f0d,37,362,PAGADO,2027-09-16,,https://i.ibb.co/nqyL4F81/pendiente-de-subir.png,
21dafd90,b6611f0d,38,362,PAGADO,2027-10-16,,https://i.ibb.co/nqyL4F81/pendiente-de-subir.png,
159d2a97,b6611f0d,39,362,PAGADO,2027-11-16,,https://i.ibb.co/nqyL4F81/pendiente-de-subir.png,
92a0561d,b6611f0d,40,362,PAGADO,2027-12-16,,https://i.ibb.co/nqyL4F81/pendiente-de-subir.png,
dc5c0872,b6611f0d,41,362,PAGADO,2028-01-16,,https://i.ibb.co/nqyL4F81/pendiente-de-subir.png,
43b498f1,b6611f0d,42,362,PAGADO,2028-02-16,,https://i.ibb.co/nqyL4F81/pendiente-de-subir.png,
8cc89959,b6611f0d,43,362,PAGADO,2028-03-16,,https://i.ibb.co/nqyL4F81/pendiente-de-subir.png,
96760686,b6611f0d,44,362,PAGADO,2028-04-16,,https://i.ibb.co/nqyL4F81/pendiente-de-subir.png,
2606d063,b6611f0d,45,362,PAGADO,2028-05-16,,https://i.ibb.co/nqyL4F81/pendiente-de-subir.png,
86bfe031,b6611f0d,46,362,PAGADO,2028-06-16,,https://i.ibb.co/nqyL4F81/pendiente-de-subir.png,
210dc68f,b6611f0d,47,362,PAGADO,2028-07-16,,https://i.ibb.co/nqyL4F81/pendiente-de-subir.png,
572a1871,b6611f0d,48,362,PAGADO,2028-08-16,,https://i.ibb.co/nqyL4F81/pendiente-de-subir.png,
0580fc2d,9af10b02,1,130,PAGADO,2024-09-19,,https://i.ibb.co/nqyL4F81/pendiente-de-subir.png,
f5a66dcc,9af10b02,2,130,PAGADO,2024-10-19,,https://i.ibb.co/nqyL4F81/pendiente-de-subir.png,
ab3c1194,9af10b02,3,130,PAGADO,2024-11-19,,https://i.ibb.co/nqyL4F81/pendiente-de-subir.png,
6ba73211,9af10b02,4,130,PAGADO,2024-12-19,,https://i.ibb.co/nqyL4F81/pendiente-de-subir.png,
89c371bf,9af10b02,5,130,PAGADO,2025-01-19,,https://i.ibb.co/nqyL4F81/pendiente-de-subir.png,
b6c0eaff,9af10b02,6,130,PAGADO,2025-02-19,,https://i.ibb.co/nqyL4F81/pendiente-de-subir.png,
fe2eb1dc,9af10b02,7,130,PAGADO,2025-03-19,,https://i.ibb.co/nqyL4F81/pendiente-de-subir.png,
01cc3d20,9af10b02,8,130,PAGADO,2025-04-19,,https://i.ibb.co/nqyL4F81/pendiente-de-subir.png,
33938d8e,9af10b02,9,130,PAGADO,2025-05-19,,https://i.ibb.co/nqyL4F81/pendiente-de-subir.png,
5a19392f,9af10b02,10,130,PAGADO,2025-06-19,,https://i.ibb.co/nqyL4F81/pendiente-de-subir.png,
e0c11b1e,9af10b02,11,130,PAGADO,2025-07-19,,https://i.ibb.co/nqyL4F81/pendiente-de-subir.png,
fbb830af,9af10b02,12,130,PAGADO,2025-08-19,,https://i.ibb.co/nqyL4F81/pendiente-de-subir.png,
df08aae7,9af10b02,13,130,PAGADO,2025-09-19,,https://i.ibb.co/nqyL4F81/pendiente-de-subir.png,
c52b72cd,9af10b02,14,130,PAGADO,2025-10-19,,https://i.ibb.co/nqyL4F81/pendiente-de-subir.png,
a0a78cde,9af10b02,15,130,PAGADO,2025-11-19,,https://i.ibb.co/nqyL4F81/pendiente-de-subir.png,
85f9a991,9af10b02,16,130,PAGADO,2025-12-19,,https://i.ibb.co/nqyL4F81/pendiente-de-subir.png,
e3b0230e,9af10b02,17,130,PAGADO,2026-01-19,,https://i.ibb.co/nqyL4F81/pendiente-de-subir.png,
2f64bdb2,9af10b02,18,130,PAGADO,2026-02-19,,https://i.ibb.co/nqyL4F81/pendiente-de-subir.png,
66cb8b81,9af10b02,19,130,PAGADO,2026-03-19,,https://i.ibb.co/nqyL4F81/pendiente-de-subir.png,
f22fe657,9af10b02,20,130,PAGADO,2026-04-19,,https://i.ibb.co/nqyL4F81/pendiente-de-subir.png,
e11a8508,9af10b02,21,130,PAGADO,2026-05-19,,https://i.ibb.co/nqyL4F81/pendiente-de-subir.png,
6719d999,9af10b02,22,130,PAGADO,2026-06-19,,https://i.ibb.co/nqyL4F81/pendiente-de-subir.png,
78448ac1,9af10b02,23,130,PAGADO,2026-07-19,,https://i.ibb.co/nqyL4F81/pendiente-de-subir.png,
2df24355,9af10b02,24,130,PAGADO,2026-08-19,,https://i.ibb.co/nqyL4F81/pendiente-de-subir.png,
5f5db7b7,9af10b02,25,130,PAGADO,2026-09-19,,https://i.ibb.co/nqyL4F81/pendiente-de-subir.png,
c0606f96,9af10b02,26,130,PAGADO,2026-10-19,,https://i.ibb.co/nqyL4F81/pendiente-de-subir.png,
6b486442,9af10b02,27,130,PAGADO,2026-11-19,,https://i.ibb.co/nqyL4F81/pendiente-de-subir.png,
4a81a884,9af10b02,28,130,PAGADO,2026-12-19,,https://i.ibb.co/nqyL4F81/pendiente-de-subir.png,
3cddbea6,9af10b02,29,130,PAGADO,2027-01-19,,https://i.ibb.co/nqyL4F81/pendiente-de-subir.png,
790de3fd,9af10b02,30,130,PAGADO,2027-02-19,,https://i.ibb.co/nqyL4F81/pendiente-de-subir.png,
059704ae,9af10b02,31,130,PAGADO,2027-03-19,,https://i.ibb.co/nqyL4F81/pendiente-de-subir.png,
337ee668,9af10b02,32,130,PAGADO,2027-04-19,,https://i.ibb.co/nqyL4F81/pendiente-de-subir.png,
cd0caaa8,9af10b02,33,130,PAGADO,2027-05-19,,https://i.ibb.co/nqyL4F81/pendiente-de-subir.png,
64ae733c,9af10b02,34,130,PAGADO,2027-06-19,,https://i.ibb.co/nqyL4F81/pendiente-de-subir.png,
30edc5ef,9af10b02,35,130,PAGADO,2027-07-19,,https://i.ibb.co/nqyL4F81/pendiente-de-subir.png,
c4a7b2a8,9af10b02,36,130,PAGADO,2027-08-19,,https://i.ibb.co/nqyL4F81/pendiente-de-subir.png,
580b9047,9af10b02,37,130,PAGADO,2027-09-19,,https://i.ibb.co/nqyL4F81/pendiente-de-subir.png,
e428bc8a,9af10b02,38,130,PAGADO,2027-10-19,,https://i.ibb.co/nqyL4F81/pendiente-de-subir.png,
d214f726,9af10b02,39,130,PAGADO,2027-11-19,,https://i.ibb.co/nqyL4F81/pendiente-de-subir.png,
3bbc98c6,9af10b02,40,130,PAGADO,2027-12-19,,https://i.ibb.co/nqyL4F81/pendiente-de-subir.png,
ccee8d0c,9af10b02,41,130,PAGADO,2028-01-19,,https://i.ibb.co/nqyL4F81/pendiente-de-subir.png,
42cc6e14,9af10b02,42,130,PAGADO,2028-02-19,,https://i.ibb.co/nqyL4F81/pendiente-de-subir.png,
d5915b5e,9af10b02,43,130,PAGADO,2028-03-19,,https://i.ibb.co/nqyL4F81/pendiente-de-subir.png,
fc35ec33,9af10b02,44,130,PAGADO,2028-04-19,,https://i.ibb.co/nqyL4F81/pendiente-de-subir.png,
0dfc6b20,9af10b02,45,130,PAGADO,2028-05-19,,https://i.ibb.co/nqyL4F81/pendiente-de-subir.png,
5b02ee6b,9af10b02,46,130,PAGADO,2028-06-19,,https://i.ibb.co/nqyL4F81/pendiente-de-subir.png,
8ff86fd7,9af10b02,47,130,PAGADO,2028-07-19,,https://i.ibb.co/nqyL4F81/pendiente-de-subir.png,
cd373f79,9af10b02,48,130,PAGADO,2028-08-19,,https://i.ibb.co/nqyL4F81/pendiente-de-subir.png,
40a4989c,9af10b02,49,130,PAGADO,2028-09-19,,https://i.ibb.co/nqyL4F81/pendiente-de-subir.png,
bd3702e2,9af10b02,50,130,PAGADO,2028-10-19,,https://i.ibb.co/nqyL4F81/pendiente-de-subir.png,
eb27c82b,9af10b02,51,130,PAGADO,2028-11-19,,https://i.ibb.co/nqyL4F81/pendiente-de-subir.png,
9700eaab,9af10b02,52,130,PAGADO,2028-12-19,,https://i.ibb.co/nqyL4F81/pendiente-de-subir.png,
cca014cd,9af10b02,53,130,PAGADO,2029-01-19,,https://i.ibb.co/nqyL4F81/pendiente-de-subir.png,
1cfa4762,9af10b02,54,130,PAGADO,2029-02-19,,https://i.ibb.co/nqyL4F81/pendiente-de-subir.png,
6ca2caca,9af10b02,55,130,PAGADO,2029-03-19,,https://i.ibb.co/nqyL4F81/pendiente-de-subir.png,
7c508ddf,9af10b02,56,130,PAGADO,2029-04-19,,https://i.ibb.co/nqyL4F81/pendiente-de-subir.png,
89648237,9af10b02,57,130,PAGADO,2029-05-19,,https://i.ibb.co/nqyL4F81/pendiente-de-subir.png,
8b91325d,9af10b02,58,130,PAGADO,2029-06-19,,https://i.ibb.co/nqyL4F81/pendiente-de-subir.png,
f29b06d1,9af10b02,59,130,PAGADO,2029-07-19,,https://i.ibb.co/nqyL4F81/pendiente-de-subir.png,
1fe78330,9af10b02,60,130,PAGADO,2029-08-19,,https://i.ibb.co/nqyL4F81/pendiente-de-subir.png,
e21144df,63180d77,1,1500,PAGADO,2024-12-16,2024-12-15,https://i.ibb.co/nqyL4F81/pendiente-de-subir.png,
db424b59,63180d77,2,1500,PAGADO,2025-01-15,2025-01-15,https://i.ibb.co/nqyL4F81/pendiente-de-subir.png,
ffef25f7,63180d77,3,1500,PAGADO,2025-02-15,2025-02-15,https://i.ibb.co/nqyL4F81/pendiente-de-subir.png,
6c307ad7,63180d77,4,1500,PAGADO,2025-03-15,2025-03-15,https://i.ibb.co/nqyL4F81/pendiente-de-subir.png,
a11c292f,63180d77,5,1500,PAGADO,2025-04-15,2025-04-15,https://i.ibb.co/nqyL4F81/pendiente-de-subir.png,
d7c41821,63180d77,6,1496,PAGADO,2025-05-15,2025-05-15,https://lh3.googleusercontent.com/d/$1as54VdLMYTX5ZPrhlT6WBntlpFdBA3Zf=w1080,2
c7a346f9,63180d77,7,1496,PAGADO,2025-06-15,2025-06-16,https://lh3.googleusercontent.com/d/$1dK3CoXbfyYSgJ1bSaQvAw4NS4QvraWOs=w1080,1
11c198c8,63180d77,8,1500,PAGADO,2025-07-15,2025-07-15,https://lh3.googleusercontent.com/d/$15okUfJfncDS9RgOsomukeFaUCVPt1AuJ=w1080,1
8ef52c29,63180d77,9,1494,PAGADO,2025-08-15,2025-08-18,https://lh3.googleusercontent.com/d/$1eSF0f0ypqNSjojPezuX2siMAC7tBkutQ=w1080,1
1cad6987,63180d77,10,1493,PAGADO,2025-09-15,2025-09-15,https://lh3.googleusercontent.com/d/$13IyQ4zV4YRhNpy7ojV9m-iXgtLvZIIN6=w1080,
50f3cd13,63180d77,11,1492,PAGADO,2025-10-15,2025-10-16,https://lh3.googleusercontent.com/d/$1eCmhqe_7QzPJFiTQr7qHKT56DpEgp84y=w1080,
749b10e8,63180d77,12,1481,PAGADO,2025-11-15,2025-11-17,https://lh3.googleusercontent.com/d/$1jcV3raIOQ23GI_Sn8M-XTBJCTJDj_1Fh=w1080,1
cafec846,372b2fa3,1,532,PAGADO,2025-12-15,2024-12-17,https://i.ibb.co/nqyL4F81/pendiente-de-subir.png,4
35862d3b,372b2fa3,2,532,PAGADO,2025-01-15,2025-01-15,https://i.ibb.co/nqyL4F81/pendiente-de-subir.png,
767f5b1b,372b2fa3,3,532,PAGADO,2025-02-15,2025-02-25,https://i.ibb.co/nqyL4F81/pendiente-de-subir.png,
1c1b38da,372b2fa3,4,540,PAGADO,2025-03-15,2025-03-15,https://i.ibb.co/nqyL4F81/pendiente-de-subir.png,
6aaac8cf,372b2fa3,5,532,PAGADO,2025-04-15,2025-04-15,https://i.ibb.co/nqyL4F81/pendiente-de-subir.png,
a1339698,372b2fa3,6,534,PAGADO,2025-05-15,2025-05-15,https://lh3.googleusercontent.com/d/$1kgzrW50ZIpG_FPgTumnfVWFEcPGPUVZy=w1080,2
68b26f11,372b2fa3,7,534,PAGADO,2025-06-15,2025-06-16,https://lh3.googleusercontent.com/d/$1e_72BHLCUgf1C-X3LTdt7-jRm-CqaVEo=w1080,1
355603f4,372b2fa3,8,534,PAGADO,2025-07-15,2025-07-15,https://lh3.googleusercontent.com/d/$1cUOFwWmIZYjCAUBpidEGdDnSxUWNKAAl=w1080,
a3731e07,372b2fa3,9,534,PAGADO,2025-08-15,2025-08-15,https://lh3.googleusercontent.com/d/$1gMDmbFwwnX3TlLCG2ggv7D2IvFZIAVzU=w1080,1
261e6ee2,372b2fa3,10,535,PAGADO,2025-09-15,2025-09-15,https://lh3.googleusercontent.com/d/$1kGAUHUp73mBWeDRSa3ru0SRqp4CvZwUb=w1080,
b08cb9b0,372b2fa3,11,534,PAGADO,2025-10-15,2025-10-18,https://lh3.googleusercontent.com/d/$1plNW1B5fxDcWXPKBiIYFOWOmbJLgxOGv=w1080,
7eefd1de,372b2fa3,12,534,PAGADO,2025-11-15,2025-11-17,https://lh3.googleusercontent.com/d/$1ZUvf9zPamHOGlYqXSyULor0lJPLXZlMU=w1080,
3f821cbe,372b2fa3,13,534,PAGADO,2025-12-15,2025-12-12,https://lh3.googleusercontent.com/d/$1fvK6l0M5SUnMU8xgpBb8hONRW4zYV336=w1080,4
337c1c19,372b2fa3,14,532,PENDIENTE,2026-01-15,,https://i.ibb.co/nqyL4F81/pendiente-de-subir.png,
fb1eed87,372b2fa3,15,532,PENDIENTE,2026-02-15,,https://i.ibb.co/nqyL4F81/pendiente-de-subir.png,
1dbd3724,372b2fa3,16,532,PENDIENTE,2026-03-15,,https://i.ibb.co/nqyL4F81/pendiente-de-subir.png,
14ff11f3,372b2fa3,17,532,PENDIENTE,2026-04-15,,https://i.ibb.co/nqyL4F81/pendiente-de-subir.png,
d6e3279d,372b2fa3,18,532,PENDIENTE,2026-05-15,,https://i.ibb.co/nqyL4F81/pendiente-de-subir.png,
c2eace0a,372b2fa3,19,532,PENDIENTE,2026-06-15,,https://i.ibb.co/nqyL4F81/pendiente-de-subir.png,
85279df8,372b2fa3,20,532,PENDIENTE,2026-07-15,,https://i.ibb.co/nqyL4F81/pendiente-de-subir.png,
d00558ab,372b2fa3,21,532,PENDIENTE,2026-08-15,,https://i.ibb.co/nqyL4F81/pendiente-de-subir.png,
aefb9b05,372b2fa3,22,532,PENDIENTE,2026-09-15,,https://i.ibb.co/nqyL4F81/pendiente-de-subir.png,
7f9832d3,372b2fa3,23,532,PENDIENTE,2026-10-15,,https://i.ibb.co/nqyL4F81/pendiente-de-subir.png,
acd29383,372b2fa3,24,532,PENDIENTE,2026-11-15,,https://i.ibb.co/nqyL4F81/pendiente-de-subir.png,
3015d7eb,372b2fa3,25,532,PENDIENTE,2026-12-15,,https://i.ibb.co/nqyL4F81/pendiente-de-subir.png,
57012f10,372b2fa3,26,532,PENDIENTE,2027-01-15,,https://i.ibb.co/nqyL4F81/pendiente-de-subir.png,
92e450d0,372b2fa3,27,532,PENDIENTE,2027-02-15,,https://i.ibb.co/nqyL4F81/pendiente-de-subir.png,
9eb6581c,372b2fa3,28,532,PENDIENTE,2027-03-15,,https://i.ibb.co/nqyL4F81/pendiente-de-subir.png,
b2eb5e89,372b2fa3,29,532,PENDIENTE,2027-04-15,,https://i.ibb.co/nqyL4F81/pendiente-de-subir.png,
a86441f8,372b2fa3,30,532,PENDIENTE,2027-05-15,,https://i.ibb.co/nqyL4F81/pendiente-de-subir.png,
e46e494a,372b2fa3,31,532,PENDIENTE,2027-06-15,,https://i.ibb.co/nqyL4F81/pendiente-de-subir.png,
f119ed5a,372b2fa3,32,532,PENDIENTE,2027-07-15,,https://i.ibb.co/nqyL4F81/pendiente-de-subir.png,
12a5fafa,372b2fa3,33,532,PENDIENTE,2027-08-15,,https://i.ibb.co/nqyL4F81/pendiente-de-subir.png,
ff8a7809,372b2fa3,34,532,PENDIENTE,2027-09-15,,https://i.ibb.co/nqyL4F81/pendiente-de-subir.png,
f02bc8a2,372b2fa3,35,532,PENDIENTE,2027-10-15,,https://i.ibb.co/nqyL4F81/pendiente-de-subir.png,
690cab6d,372b2fa3,36,532,PENDIENTE,2027-11-15,,https://i.ibb.co/nqyL4F81/pendiente-de-subir.png,
c87b5aac,372b2fa3,37,532,PENDIENTE,2027-12-15,,https://i.ibb.co/nqyL4F81/pendiente-de-subir.png,
5467a848,372b2fa3,38,532,PENDIENTE,2028-01-15,,https://i.ibb.co/nqyL4F81/pendiente-de-subir.png,
f805717d,372b2fa3,39,532,PENDIENTE,2028-02-15,,https://i.ibb.co/nqyL4F81/pendiente-de-subir.png,
4ecb699b,372b2fa3,40,532,PENDIENTE,2028-03-15,,https://i.ibb.co/nqyL4F81/pendiente-de-subir.png,
13892d81,372b2fa3,41,532,PENDIENTE,2028-04-15,,https://i.ibb.co/nqyL4F81/pendiente-de-subir.png,
fdb17297,372b2fa3,42,532,PENDIENTE,2028-05-15,,https://i.ibb.co/nqyL4F81/pendiente-de-subir.png,
a5994f4b,372b2fa3,43,532,PENDIENTE,2028-06-15,,https://i.ibb.co/nqyL4F81/pendiente-de-subir.png,
fe2846d9,372b2fa3,44,532,PENDIENTE,2028-07-15,,https://i.ibb.co/nqyL4F81/pendiente-de-subir.png,
6827f7c8,372b2fa3,45,532,PENDIENTE,2028-08-15,,https://i.ibb.co/nqyL4F81/pendiente-de-subir.png,
5f7cb201,372b2fa3,46,532,PENDIENTE,2028-09-15,,https://i.ibb.co/nqyL4F81/pendiente-de-subir.png,
745ebb1c,372b2fa3,47,532,PENDIENTE,2028-10-15,,https://i.ibb.co/nqyL4F81/pendiente-de-subir.png,
c806361d,372b2fa3,48,532,PENDIENTE,2028-11-15,,https://i.ibb.co/nqyL4F81/pendiente-de-subir.png,
bf9e66db,372b2fa3,49,532,PENDIENTE,2028-12-15,,https://i.ibb.co/nqyL4F81/pendiente-de-subir.png,
639c3f6d,372b2fa3,50,532,PENDIENTE,2029-01-15,,https://i.ibb.co/nqyL4F81/pendiente-de-subir.png,
7c227c1f,372b2fa3,51,532,PENDIENTE,2029-02-15,,https://i.ibb.co/nqyL4F81/pendiente-de-subir.png,
7dd9322c,372b2fa3,52,532,PENDIENTE,2029-03-15,,https://i.ibb.co/nqyL4F81/pendiente-de-subir.png,
c5aff3df,372b2fa3,53,532,PENDIENTE,2029-04-15,,https://i.ibb.co/nqyL4F81/pendiente-de-subir.png,
bc29f360,372b2fa3,54,532,PENDIENTE,2029-05-15,,https://i.ibb.co/nqyL4F81/pendiente-de-subir.png,
b4e58301,372b2fa3,55,532,PENDIENTE,2029-06-15,,https://i.ibb.co/nqyL4F81/pendiente-de-subir.png,
34bebc07,372b2fa3,56,532,PENDIENTE,2029-07-15,,https://i.ibb.co/nqyL4F81/pendiente-de-subir.png,
4e5144c9,372b2fa3,57,532,PENDIENTE,2029-08-15,,https://i.ibb.co/nqyL4F81/pendiente-de-subir.png,
e5129654,372b2fa3,58,532,PENDIENTE,2029-09-15,,https://i.ibb.co/nqyL4F81/pendiente-de-subir.png,
0d379965,372b2fa3,59,532,PENDIENTE,2029-10-15,,https://i.ibb.co/nqyL4F81/pendiente-de-subir.png,
47c954ea,372b2fa3,60,532,PENDIENTE,2029-11-15,,https://i.ibb.co/nqyL4F81/pendiente-de-subir.png,
4463d608,76b193b4,1,369,PAGADO,2025-01-15,2025-01-15,https://i.ibb.co/nqyL4F81/pendiente-de-subir.png,
3a9c6e95,76b193b4,2,329,PAGADO,2025-02-15,2025-02-15,https://i.ibb.co/nqyL4F81/pendiente-de-subir.png,
844d8faa,76b193b4,3,329,PAGADO,2025-03-15,2025-03-15,https://i.ibb.co/nqyL4F81/pendiente-de-subir.png,
822ca666,76b193b4,4,329,PAGADO,2025-04-15,2025-04-15,https://i.ibb.co/nqyL4F81/pendiente-de-subir.png,
efc35a09,76b193b4,5,328.54,PAGADO,2025-05-15,2025-05-15,https://lh3.googleusercontent.com/d/$1NUAdYII8Zo0IDbkG7Mk2uVnu-Sj0Yn6k=w1080,
70bb6433,76b193b4,6,328.54,PAGADO,2025-06-15,2025-06-16,https://lh3.googleusercontent.com/d/$1TFG1Rku5cKhbfJyFYHsnX58tTMx3aqF7=w1080,
adac37ee,76b193b4,7,329,PAGADO,2025-07-15,2025-07-15,https://lh3.googleusercontent.com/d/$1j_Y-CXNN2t0-SfoEvNpVU-Za0htgRi6i=w1080,
73aede88,76b193b4,8,328.54,PAGADO,2025-08-15,2025-08-15,https://lh3.googleusercontent.com/d/$1kCnL9u85k7D7E2W7xCXGPM0DnAFtUMYs=w1080,
a8b9961b,76b193b4,9,328.54,PAGADO,2025-09-15,2025-09-15,https://lh3.googleusercontent.com/d/$1oNrJQ5CNe_pJjomkfCuCxsfh77f4YPdG=w1080,
b9df72e1,76b193b4,10,328.54,PAGADO,2025-10-15,2025-10-15,https://lh3.googleusercontent.com/d/$1_duLak9BctlA1-UVXlFG68Q9S9stPNNY=w1080,
ab841f8b,76b193b4,11,328.54,PAGADO,2025-11-15,2025-11-17,https://lh3.googleusercontent.com/d/$1L0ygWgJdaVD66RXopBVGUBfI8OmohlPF=w1080,
cc7d6bd4,76b193b4,12,328.54,PAGADO,2025-12-15,2025-12-12,https://lh3.googleusercontent.com/d/$1yLqsoEItBpCqdsmOLRg-waE8XdcT4WdD=w1080,
7ba7f7f8,76b193b4,13,329,PENDIENTE,2026-01-15,,https://i.ibb.co/nqyL4F81/pendiente-de-subir.png,
cf917bd9,76b193b4,14,329,PENDIENTE,2026-02-15,,https://i.ibb.co/nqyL4F81/pendiente-de-subir.png,
74968cf7,76b193b4,15,329,PENDIENTE,2026-03-15,,https://i.ibb.co/nqyL4F81/pendiente-de-subir.png,
29be7065,76b193b4,16,329,PENDIENTE,2026-04-15,,https://i.ibb.co/nqyL4F81/pendiente-de-subir.png,
c52c32c0,76b193b4,17,329,PENDIENTE,2026-05-15,,https://i.ibb.co/nqyL4F81/pendiente-de-subir.png,
ddf5dace,76b193b4,18,329,PENDIENTE,2026-06-15,,https://i.ibb.co/nqyL4F81/pendiente-de-subir.png,
87474a69,76b193b4,19,329,PENDIENTE,2026-07-15,,https://i.ibb.co/nqyL4F81/pendiente-de-subir.png,
e73403c6,76b193b4,20,329,PENDIENTE,2026-08-15,,https://i.ibb.co/nqyL4F81/pendiente-de-subir.png,
617bd07d,76b193b4,21,329,PENDIENTE,2026-09-15,,https://i.ibb.co/nqyL4F81/pendiente-de-subir.png,
e4827a31,76b193b4,22,329,PENDIENTE,2026-10-15,,https://i.ibb.co/nqyL4F81/pendiente-de-subir.png,
da101ed6,76b193b4,23,329,PENDIENTE,2026-11-15,,https://i.ibb.co/nqyL4F81/pendiente-de-subir.png,
9f05a10f,76b193b4,24,329,PENDIENTE,2026-12-15,,https://i.ibb.co/nqyL4F81/pendiente-de-subir.png,
9a35c7ef,76b193b4,25,329,PENDIENTE,2027-01-15,,https://i.ibb.co/nqyL4F81/pendiente-de-subir.png,
e4969103,76b193b4,26,329,PENDIENTE,2027-02-15,,https://i.ibb.co/nqyL4F81/pendiente-de-subir.png,
bc5f2497,76b193b4,27,329,PENDIENTE,2027-03-15,,https://i.ibb.co/nqyL4F81/pendiente-de-subir.png,
8f2b7672,76b193b4,28,329,PENDIENTE,2027-04-15,,https://i.ibb.co/nqyL4F81/pendiente-de-subir.png,
89f6879f,76b193b4,29,329,PENDIENTE,2027-05-15,,https://i.ibb.co/nqyL4F81/pendiente-de-subir.png,
7a3b89ac,76b193b4,30,329,PENDIENTE,2027-06-15,,https://i.ibb.co/nqyL4F81/pendiente-de-subir.png,
1f49b6fe,76b193b4,31,329,PENDIENTE,2027-07-15,,https://i.ibb.co/nqyL4F81/pendiente-de-subir.png,
b068de04,76b193b4,32,329,PENDIENTE,2027-08-15,,https://i.ibb.co/nqyL4F81/pendiente-de-subir.png,
340d2342,76b193b4,33,329,PENDIENTE,2027-09-15,,https://i.ibb.co/nqyL4F81/pendiente-de-subir.png,
b670ca07,76b193b4,34,329,PENDIENTE,2027-10-15,,https://i.ibb.co/nqyL4F81/pendiente-de-subir.png,
f4a79410,76b193b4,35,329,PENDIENTE,2027-11-15,,https://i.ibb.co/nqyL4F81/pendiente-de-subir.png,
e344d5ce,76b193b4,36,329,PENDIENTE,2027-12-15,,https://i.ibb.co/nqyL4F81/pendiente-de-subir.png,
bf8fa12e,76b193b4,37,329,PENDIENTE,2028-01-15,,https://i.ibb.co/nqyL4F81/pendiente-de-subir.png,
f480452d,76b193b4,38,329,PENDIENTE,2028-02-15,,https://i.ibb.co/nqyL4F81/pendiente-de-subir.png,
c5e98fdc,76b193b4,39,329,PENDIENTE,2028-03-15,,https://i.ibb.co/nqyL4F81/pendiente-de-subir.png,
356a7e7d,76b193b4,40,329,PENDIENTE,2028-04-15,,https://i.ibb.co/nqyL4F81/pendiente-de-subir.png,
afefbd09,76b193b4,41,329,PENDIENTE,2028-05-15,,https://i.ibb.co/nqyL4F81/pendiente-de-subir.png,
2895d568,76b193b4,42,329,PENDIENTE,2028-06-15,,https://i.ibb.co/nqyL4F81/pendiente-de-subir.png,
0bdd583d,76b193b4,43,329,PENDIENTE,2028-07-15,,https://i.ibb.co/nqyL4F81/pendiente-de-subir.png,
d23db4ae,76b193b4,44,329,PENDIENTE,2028-08-15,,https://i.ibb.co/nqyL4F81/pendiente-de-subir.png,
cb66e56c,76b193b4,45,329,PENDIENTE,2028-09-15,,https://i.ibb.co/nqyL4F81/pendiente-de-subir.png,
850c3494,76b193b4,46,329,PENDIENTE,2028-10-15,,https://i.ibb.co/nqyL4F81/pendiente-de-subir.png,
a29810e7,76b193b4,47,329,PENDIENTE,2028-11-15,,https://i.ibb.co/nqyL4F81/pendiente-de-subir.png,
37682f08,76b193b4,48,329,PENDIENTE,2028-12-15,,https://i.ibb.co/nqyL4F81/pendiente-de-subir.png,
133b1678,4c615427,1,329,PAGADO,2025-02-15,2025-02-15,https://i.ibb.co/nqyL4F81/pendiente-de-subir.png,
0370f702,4c615427,2,329,PAGADO,2025-03-15,2025-03-15,https://i.ibb.co/nqyL4F81/pendiente-de-subir.png,
0fc88523,4c615427,3,329,PAGADO,2025-04-15,2025-04-15,https://i.ibb.co/nqyL4F81/pendiente-de-subir.png,
40367d69,4c615427,4,328.54,PAGADO,2025-05-15,2025-05-15,https://lh3.googleusercontent.com/d/$1mqs9aw0FNkWPjuIWTOlhouYJogH4ZK0y=w1080,
270ac050,4c615427,5,328.54,PAGADO,2025-06-15,2025-06-16,https://lh3.googleusercontent.com/d/$1FXRgizImiZ2EFSb1mslu2dLiCT0GkNyw=w1080,
867ff3ec,4c615427,6,329,PAGADO,2025-07-15,2025-07-15,https://lh3.googleusercontent.com/d/$1d3fSWbINIIbGoqQWP0KJe4g-DFwXeL5U=w1080,
358b44eb,4c615427,7,328.54,PAGADO,2025-08-15,2025-08-15,https://lh3.googleusercontent.com/d/$1-2KIF5ndk2jJMIyz6cZjvzki7xAc69eP=w1080,
6c665413,4c615427,8,328.54,PAGADO,2025-09-15,2025-09-15,https://lh3.googleusercontent.com/d/$1sL30EWprdVuH-Ta13mRVTleKqcOG1VI1=w1080,
2b831e3a,4c615427,9,328.54,PAGADO,2025-10-15,2025-10-15,https://lh3.googleusercontent.com/d/$1F27Cgn7KzrIT1UF8wRTjzMVk7ChJlp8Y=w1080,
0a1cf7af,4c615427,10,328.54,PAGADO,2025-11-15,2025-11-17,https://lh3.googleusercontent.com/d/$100SVA8cpNPUpu53NTEYcLxwn-Rc6mkBZ=w1080,
e2460f50,4c615427,11,328.54,PAGADO,2025-12-15,2025-12-12,https://lh3.googleusercontent.com/d/$1PK481AzUa8HKsfUhi9435Nb4GEKR9K6q=w1080,
66b2e4da,4c615427,12,329,PENDIENTE,2026-01-15,,https://i.ibb.co/nqyL4F81/pendiente-de-subir.png,
94f7206d,4c615427,13,329,PENDIENTE,2026-02-15,,https://i.ibb.co/nqyL4F81/pendiente-de-subir.png,
e3859496,4c615427,14,329,PENDIENTE,2026-03-15,,https://i.ibb.co/nqyL4F81/pendiente-de-subir.png,
739d72ca,4c615427,15,329,PENDIENTE,2026-04-15,,https://i.ibb.co/nqyL4F81/pendiente-de-subir.png,
f0c1d9e9,4c615427,16,329,PENDIENTE,2026-05-15,,https://i.ibb.co/nqyL4F81/pendiente-de-subir.png,
bc7eced6,4c615427,17,329,PENDIENTE,2026-06-15,,https://i.ibb.co/nqyL4F81/pendiente-de-subir.png,
171f4af3,4c615427,18,329,PENDIENTE,2026-07-15,,https://i.ibb.co/nqyL4F81/pendiente-de-subir.png,
fbbd2580,4c615427,19,329,PENDIENTE,2026-08-15,,https://i.ibb.co/nqyL4F81/pendiente-de-subir.png,
d13de420,4c615427,20,329,PENDIENTE,2026-09-15,,https://i.ibb.co/nqyL4F81/pendiente-de-subir.png,
4a4200ba,4c615427,21,329,PENDIENTE,2026-10-15,,https://i.ibb.co/nqyL4F81/pendiente-de-subir.png,
375fe834,4c615427,22,329,PENDIENTE,2026-11-15,,https://i.ibb.co/nqyL4F81/pendiente-de-subir.png,
128c96db,4c615427,23,329,PENDIENTE,2026-12-15,,https://i.ibb.co/nqyL4F81/pendiente-de-subir.png,
f3243fad,4c615427,24,329,PENDIENTE,2027-01-15,,https://i.ibb.co/nqyL4F81/pendiente-de-subir.png,
ef42854c,4c615427,25,329,PENDIENTE,2027-02-15,,https://i.ibb.co/nqyL4F81/pendiente-de-subir.png,
227799eb,4c615427,26,329,PENDIENTE,2027-03-15,,https://i.ibb.co/nqyL4F81/pendiente-de-subir.png,
165b3698,4c615427,27,329,PENDIENTE,2027-04-15,,https://i.ibb.co/nqyL4F81/pendiente-de-subir.png,
24945941,4c615427,28,329,PENDIENTE,2027-05-15,,https://i.ibb.co/nqyL4F81/pendiente-de-subir.png,
d415abdb,4c615427,29,329,PENDIENTE,2027-06-15,,https://i.ibb.co/nqyL4F81/pendiente-de-subir.png,
da0c974f,4c615427,30,329,PENDIENTE,2027-07-15,,https://i.ibb.co/nqyL4F81/pendiente-de-subir.png,
cb019b09,4c615427,31,329,PENDIENTE,2027-08-15,,https://i.ibb.co/nqyL4F81/pendiente-de-subir.png,
41ad6407,4c615427,32,329,PENDIENTE,2027-09-15,,https://i.ibb.co/nqyL4F81/pendiente-de-subir.png,
c2377d1f,4c615427,33,329,PENDIENTE,2027-10-15,,https://i.ibb.co/nqyL4F81/pendiente-de-subir.png,
c3832f1d,4c615427,34,329,PENDIENTE,2027-11-15,,https://i.ibb.co/nqyL4F81/pendiente-de-subir.png,
d8d25263,4c615427,35,329,PENDIENTE,2027-12-15,,https://i.ibb.co/nqyL4F81/pendiente-de-subir.png,
d496d1d4,4c615427,36,329,PENDIENTE,2028-01-15,,https://i.ibb.co/nqyL4F81/pendiente-de-subir.png,
492c1b09,4c615427,37,329,PENDIENTE,2028-02-15,,https://i.ibb.co/nqyL4F81/pendiente-de-subir.png,
95582f44,4c615427,38,329,PENDIENTE,2028-03-15,,https://i.ibb.co/nqyL4F81/pendiente-de-subir.png,
9a2218b0,4c615427,39,329,PENDIENTE,2028-04-15,,https://i.ibb.co/nqyL4F81/pendiente-de-subir.png,
28c96b81,4c615427,40,329,PENDIENTE,2028-05-15,,https://i.ibb.co/nqyL4F81/pendiente-de-subir.png,
3a3c7405,4c615427,41,329,PENDIENTE,2028-06-15,,https://i.ibb.co/nqyL4F81/pendiente-de-subir.png,
d2bf8f3d,4c615427,42,329,PENDIENTE,2028-07-15,,https://i.ibb.co/nqyL4F81/pendiente-de-subir.png,
1e4d3a1e,4c615427,43,329,PENDIENTE,2028-08-15,,https://i.ibb.co/nqyL4F81/pendiente-de-subir.png,
6c40425f,4c615427,44,329,PENDIENTE,2028-09-15,,https://i.ibb.co/nqyL4F81/pendiente-de-subir.png,
7c6cc141,4c615427,45,329,PENDIENTE,2028-10-15,,https://i.ibb.co/nqyL4F81/pendiente-de-subir.png,
62d839d1,4c615427,46,329,PENDIENTE,2028-11-15,,https://i.ibb.co/nqyL4F81/pendiente-de-subir.png,
1c6534cd,4c615427,47,329,PENDIENTE,2028-12-15,,https://i.ibb.co/nqyL4F81/pendiente-de-subir.png,
da63e889,4c615427,48,329,PENDIENTE,2029-01-15,,https://i.ibb.co/nqyL4F81/pendiente-de-subir.png,
42a36e18,200f2999,1,2842.24,PAGADO,2025-04-15,2025-04-14,https://i.ibb.co/nqyL4F81/pendiente-de-subir.png,
3aac5a44,200f2999,2,2688.43,PAGADO,2025-05-15,2025-05-16,https://lh3.googleusercontent.com/d/$1OBUwukdYmm72I97UlrsGGP1NiUynFwjT=w1080,
c02d661f,200f2999,3,2688.43,PAGADO,2025-06-15,2025-06-15,https://lh3.googleusercontent.com/d/$1PL4dDmofRDMevb4ns1z-A_M3-vTOrFsS=w1080,
6388b3a8,a9518563,1,114.02,PAGADO,2025-04-15,2025-04-15,https://i.ibb.co/nqyL4F81/pendiente-de-subir.png,
5045b485,a9518563,2,164.27,PAGADO,2025-05-15,2025-05-15,https://lh3.googleusercontent.com/d/$1MRvHMApa7GDTeskfoeK8oxFkITNxZjdw=w1080,
2fd6dc52,a9518563,3,164.27,PAGADO,2025-06-15,2025-06-16,https://lh3.googleusercontent.com/d/$1669tHZd-cMPfq2rVaSSYR3lNAtjdguwc=w1080,
1c29773c,a9518563,4,164.76,PAGADO,2025-07-15,2025-07-15,https://lh3.googleusercontent.com/d/$1mKpcrmAqHZGJWHeGIBtVuMW--y0-ETca=w1080,
33bb1a1e,a9518563,5,164.27,PAGADO,2025-08-15,2025-08-15,https://lh3.googleusercontent.com/d/$1fUmFph3iHXbAJ3p8bXQjZnteN_S19Bh6=w1080,
b7d4144b,a9518563,6,164.27,PAGADO,2025-09-15,2025-09-15,https://lh3.googleusercontent.com/d/$1oKdEkERsykXEvpf05CKRbCef8vM18VL4=w1080,1
6d847cd8,a9518563,7,164.27,PAGADO,2025-10-15,2025-10-17,https://lh3.googleusercontent.com/d/$1odvbRevI9AwMmnZPbxP2p5EqS40TSjDy=w1080,
410c6625,a9518563,8,164.27,PAGADO,2025-11-15,2025-11-17,https://lh3.googleusercontent.com/d/$1B2KA6dtcXjGsGtUrQQ0xSOYOQanPJ-1U=w1080,
a94704c4,a9518563,9,164.76,PAGADO,2025-12-15,2025-12-02,https://lh3.googleusercontent.com/d/$1JcCpm1Y3iSm-2HAB543SMKENYAQgXcF2=w1080,
ba9448b9,a9518563,10,164.76,PAGADO,2026-01-15,2025-12-02,https://lh3.googleusercontent.com/d/$1JcCpm1Y3iSm-2HAB543SMKENYAQgXcF2=w1080,
ddb3e5af,a9518563,11,164.76,PAGADO,2026-02-15,2025-12-02,https://lh3.googleusercontent.com/d/$1JcCpm1Y3iSm-2HAB543SMKENYAQgXcF2=w1080,
8bfdfb04,a9518563,12,164.76,PAGADO,2026-03-15,2025-12-02,https://lh3.googleusercontent.com/d/$1JcCpm1Y3iSm-2HAB543SMKENYAQgXcF2=w1080,
6b250277,a9518563,13,164.76,PAGADO,2026-04-15,2025-12-02,https://lh3.googleusercontent.com/d/$1JcCpm1Y3iSm-2HAB543SMKENYAQgXcF2=w1080,
a7a47832,a9518563,14,164.76,PAGADO,2026-05-15,2025-12-02,https://lh3.googleusercontent.com/d/$1JcCpm1Y3iSm-2HAB543SMKENYAQgXcF2=w1080,
7f4d6b02,a9518563,15,164.76,PAGADO,2026-06-15,2025-12-02,https://lh3.googleusercontent.com/d/$1JcCpm1Y3iSm-2HAB543SMKENYAQgXcF2=w1080,
a09c8a96,a9518563,16,164.76,PAGADO,2026-07-15,2025-12-02,https://lh3.googleusercontent.com/d/$1JcCpm1Y3iSm-2HAB543SMKENYAQgXcF2=w1080,
fda107b2,a9518563,17,164.76,PAGADO,2026-08-15,2025-12-02,https://lh3.googleusercontent.com/d/$1JcCpm1Y3iSm-2HAB543SMKENYAQgXcF2=w1080,
219adf44,a9518563,18,164.76,PAGADO,2026-09-15,2025-12-02,https://lh3.googleusercontent.com/d/$1JcCpm1Y3iSm-2HAB543SMKENYAQgXcF2=w1080,
f3ab8dd6,a9518563,19,164.76,PAGADO,2026-10-15,2025-12-02,https://lh3.googleusercontent.com/d/$1JcCpm1Y3iSm-2HAB543SMKENYAQgXcF2=w1080,
397ea1a9,a9518563,20,164.76,PAGADO,2026-11-15,2025-12-02,https://lh3.googleusercontent.com/d/$1JcCpm1Y3iSm-2HAB543SMKENYAQgXcF2=w1080,
b48fd533,a9518563,21,164.76,PAGADO,2026-12-15,2025-12-02,https://lh3.googleusercontent.com/d/$1JcCpm1Y3iSm-2HAB543SMKENYAQgXcF2=w1080,
58f6e325,a9518563,22,164.76,PAGADO,2027-01-15,2025-12-02,https://lh3.googleusercontent.com/d/$1JcCpm1Y3iSm-2HAB543SMKENYAQgXcF2=w1080,
80c91e7e,a9518563,23,164.76,PAGADO,2027-02-15,2025-12-02,https://lh3.googleusercontent.com/d/$1JcCpm1Y3iSm-2HAB543SMKENYAQgXcF2=w1080,
d410379d,a9518563,24,164.76,PAGADO,2027-03-15,2025-12-02,https://lh3.googleusercontent.com/d/$1JcCpm1Y3iSm-2HAB543SMKENYAQgXcF2=w1080,
9ba84ec8,a9518563,25,164.76,PAGADO,2027-04-15,2025-12-02,https://lh3.googleusercontent.com/d/$1JcCpm1Y3iSm-2HAB543SMKENYAQgXcF2=w1080,
500778ca,a9518563,26,164.76,PAGADO,2027-05-15,2025-12-02,https://lh3.googleusercontent.com/d/$1JcCpm1Y3iSm-2HAB543SMKENYAQgXcF2=w1080,
034203cd,a9518563,27,164.76,PAGADO,2027-06-15,2025-12-02,https://lh3.googleusercontent.com/d/$1JcCpm1Y3iSm-2HAB543SMKENYAQgXcF2=w1080,
949831dc,a9518563,28,164.76,PAGADO,2027-07-15,2025-12-02,https://lh3.googleusercontent.com/d/$1JcCpm1Y3iSm-2HAB543SMKENYAQgXcF2=w1080,
562e1fc6,a9518563,29,164.76,PAGADO,2027-08-15,2025-12-02,https://lh3.googleusercontent.com/d/$1JcCpm1Y3iSm-2HAB543SMKENYAQgXcF2=w1080,
b231c74a,a9518563,30,164.76,PAGADO,2027-09-15,2025-12-02,https://lh3.googleusercontent.com/d/$1JcCpm1Y3iSm-2HAB543SMKENYAQgXcF2=w1080,
ad702911,a9518563,31,164.76,PAGADO,2027-10-15,2025-12-02,https://lh3.googleusercontent.com/d/$1JcCpm1Y3iSm-2HAB543SMKENYAQgXcF2=w1080,
59162c4d,a9518563,32,164.76,PAGADO,2027-11-15,2025-12-02,https://lh3.googleusercontent.com/d/$1JcCpm1Y3iSm-2HAB543SMKENYAQgXcF2=w1080,
148ed3a7,a9518563,33,164.76,PAGADO,2027-12-15,2025-12-02,https://lh3.googleusercontent.com/d/$1JcCpm1Y3iSm-2HAB543SMKENYAQgXcF2=w1080,
dd643ee9,a9518563,34,164.76,PAGADO,2028-01-15,2025-12-02,https://lh3.googleusercontent.com/d/$1JcCpm1Y3iSm-2HAB543SMKENYAQgXcF2=w1080,
21efae2f,a9518563,35,164.76,PAGADO,2028-02-15,2025-12-02,https://lh3.googleusercontent.com/d/$1JcCpm1Y3iSm-2HAB543SMKENYAQgXcF2=w1080,
e730b4d5,a9518563,36,164.76,PAGADO,2028-03-15,2025-12-02,https://lh3.googleusercontent.com/d/$1JcCpm1Y3iSm-2HAB543SMKENYAQgXcF2=w1080,
760c1682,a9518563,37,164.76,PAGADO,2028-04-15,2025-12-02,https://lh3.googleusercontent.com/d/$1JcCpm1Y3iSm-2HAB543SMKENYAQgXcF2=w1080,
f44bce78,a9518563,38,164.76,PAGADO,2028-05-15,2025-12-02,https://lh3.googleusercontent.com/d/$1JcCpm1Y3iSm-2HAB543SMKENYAQgXcF2=w1080,
b5b35bc6,a9518563,39,164.76,PAGADO,2028-06-15,2025-12-02,https://lh3.googleusercontent.com/d/$1JcCpm1Y3iSm-2HAB543SMKENYAQgXcF2=w1080,
d21f3713,a9518563,40,164.76,PAGADO,2028-07-15,2025-12-02,https://lh3.googleusercontent.com/d/$1JcCpm1Y3iSm-2HAB543SMKENYAQgXcF2=w1080,
f1bb4063,a9518563,41,164.76,PAGADO,2028-08-15,2025-12-02,https://lh3.googleusercontent.com/d/$1JcCpm1Y3iSm-2HAB543SMKENYAQgXcF2=w1080,
3e7460af,a9518563,42,164.76,PAGADO,2028-09-15,2025-12-02,https://lh3.googleusercontent.com/d/$1JcCpm1Y3iSm-2HAB543SMKENYAQgXcF2=w1080,
f3122778,a9518563,43,164.76,PAGADO,2028-10-15,2025-12-02,https://lh3.googleusercontent.com/d/$1JcCpm1Y3iSm-2HAB543SMKENYAQgXcF2=w1080,
2356a7ce,a9518563,44,164.76,PAGADO,2028-11-15,2025-12-02,https://lh3.googleusercontent.com/d/$1JcCpm1Y3iSm-2HAB543SMKENYAQgXcF2=w1080,
62778bc6,a9518563,45,164.76,PAGADO,2028-12-15,2025-12-02,https://lh3.googleusercontent.com/d/$1JcCpm1Y3iSm-2HAB543SMKENYAQgXcF2=w1080,
80c3e6cf,a9518563,46,164.76,PAGADO,2029-01-15,2025-12-02,https://lh3.googleusercontent.com/d/$1JcCpm1Y3iSm-2HAB543SMKENYAQgXcF2=w1080,
2f00016e,a9518563,47,164.76,PAGADO,2029-02-15,2025-12-02,https://lh3.googleusercontent.com/d/$1JcCpm1Y3iSm-2HAB543SMKENYAQgXcF2=w1080,
033586b9,a9518563,48,164.76,PAGADO,2029-03-15,2025-12-02,https://lh3.googleusercontent.com/d/$1JcCpm1Y3iSm-2HAB543SMKENYAQgXcF2=w1080,
8d1eca2b,a770d76e,1,2628.22,PAGADO,2025-05-15,2025-05-16,https://lh3.googleusercontent.com/d/$1eiDpNm2X3WHbAauX9rTUQpCYHHM8wwAG=w1080,
19c1d57b,61380ff4,1,210.63,PAGADO,2025-10-01,2025-10-01,https://lh3.googleusercontent.com/d/$1yrF281DxLpp-0ovBmC_P60LvDiLEAvk_=w1080,1
5456a760,61380ff4,2,210.39,PAGADO,2025-11-01,2025-10-30,https://lh3.googleusercontent.com/d/$19McPuy9k8vygi1Nj58Rwy0Elb947MlKS=w1080,1
efff70f5,61380ff4,3,207.73,PAGADO,2025-12-01,2025-12-01,https://lh3.googleusercontent.com/d/$1yE-R4kS6vQUqWzTej9O1DEJTfuLxmhPa=w1080,1
19c1d57b4,61380ff4,4,211,PENDIENTE,2026-01-01,,https://i.ibb.co/nqyL4F81/pendiente-de-subir.png,1
5456a761,61380ff4,5,211,PENDIENTE,2026-02-01,,https://i.ibb.co/nqyL4F81/pendiente-de-subir.png,1
efff70f6,61380ff4,6,211,PENDIENTE,2026-03-01,,https://i.ibb.co/nqyL4F81/pendiente-de-subir.png,1
4a1948a6,61380ff4,7,211,PENDIENTE,2026-04-01,,https://i.ibb.co/nqyL4F81/pendiente-de-subir.png,1
44c5f674,61380ff4,8,211,PENDIENTE,2026-05-01,,https://i.ibb.co/nqyL4F81/pendiente-de-subir.png,1
13592ed4,61380ff4,9,211,PENDIENTE,2026-06-01,,https://i.ibb.co/nqyL4F81/pendiente-de-subir.png,1
f206940f,61380ff4,10,211,PENDIENTE,2026-07-01,,https://i.ibb.co/nqyL4F81/pendiente-de-subir.png,1
4547aab1,61380ff4,11,211,PENDIENTE,2026-08-01,,https://i.ibb.co/nqyL4F81/pendiente-de-subir.png,1
e64d4c56,61380ff4,12,211,PENDIENTE,2026-09-01,,https://i.ibb.co/nqyL4F81/pendiente-de-subir.png,1
ceec240a,61380ff4,13,211,PENDIENTE,2026-10-01,,https://i.ibb.co/nqyL4F81/pendiente-de-subir.png,1
d51b2260,61380ff4,14,211,PENDIENTE,2026-11-01,,https://i.ibb.co/nqyL4F81/pendiente-de-subir.png,1
686b6ed0,61380ff4,15,211,PENDIENTE,2026-12-01,,https://i.ibb.co/nqyL4F81/pendiente-de-subir.png,1
9ee74f74,61380ff4,16,211,PENDIENTE,2027-01-01,,https://i.ibb.co/nqyL4F81/pendiente-de-subir.png,1
06d0a15e,61380ff4,17,211,PENDIENTE,2027-02-01,,https://i.ibb.co/nqyL4F81/pendiente-de-subir.png,1
51d67d24,61380ff4,18,211,PENDIENTE,2027-03-01,,https://i.ibb.co/nqyL4F81/pendiente-de-subir.png,1
31814ea1,61380ff4,19,211,PENDIENTE,2027-04-01,,https://i.ibb.co/nqyL4F81/pendiente-de-subir.png,1
45c0cee2,61380ff4,20,211,PENDIENTE,2027-05-01,,https://i.ibb.co/nqyL4F81/pendiente-de-subir.png,1
ec4d3b85,61380ff4,21,211,PENDIENTE,2027-06-01,,https://i.ibb.co/nqyL4F81/pendiente-de-subir.png,1
0bc52600,61380ff4,22,211,PENDIENTE,2027-07-01,,https://i.ibb.co/nqyL4F81/pendiente-de-subir.png,1
d15d4d6d,61380ff4,23,211,PENDIENTE,2027-08-01,,https://i.ibb.co/nqyL4F81/pendiente-de-subir.png,1
70c9720b,61380ff4,24,211,PENDIENTE,2027-09-01,,https://i.ibb.co/nqyL4F81/pendiente-de-subir.png,1
2e0ce26b,61380ff4,25,211,PENDIENTE,2027-10-01,,https://i.ibb.co/nqyL4F81/pendiente-de-subir.png,1
d1e8360f,61380ff4,26,211,PENDIENTE,2027-11-01,,https://i.ibb.co/nqyL4F81/pendiente-de-subir.png,1
d5ca6638,61380ff4,27,211,PENDIENTE,2027-12-01,,https://i.ibb.co/nqyL4F81/pendiente-de-subir.png,1
bf9b9a51,61380ff4,28,211,PENDIENTE,2028-01-01,,https://i.ibb.co/nqyL4F81/pendiente-de-subir.png,1
cfa627c5,61380ff4,29,211,PENDIENTE,2028-02-01,,https://i.ibb.co/nqyL4F81/pendiente-de-subir.png,1
2d0160c8,61380ff4,30,211,PENDIENTE,2028-03-01,,https://i.ibb.co/nqyL4F81/pendiente-de-subir.png,1
3f98b29b,61380ff4,31,211,PENDIENTE,2028-04-01,,https://i.ibb.co/nqyL4F81/pendiente-de-subir.png,1
25f96cc2,61380ff4,32,211,PENDIENTE,2028-05-01,,https://i.ibb.co/nqyL4F81/pendiente-de-subir.png,1
34d4592e,61380ff4,33,211,PENDIENTE,2028-06-01,,https://i.ibb.co/nqyL4F81/pendiente-de-subir.png,1
e8b6b766,61380ff4,34,211,PENDIENTE,2028-07-01,,https://i.ibb.co/nqyL4F81/pendiente-de-subir.png,1
638e6b8b,61380ff4,37,211,PENDIENTE,2028-10-01,,https://i.ibb.co/nqyL4F81/pendiente-de-subir.png,1
5e34b2e8,61380ff4,36,211,PENDIENTE,2028-09-01,,https://i.ibb.co/nqyL4F81/pendiente-de-subir.png,1
bd168465,61380ff4,35,211,PENDIENTE,2028-08-01,,https://i.ibb.co/nqyL4F81/pendiente-de-subir.png,1
7f7531dc,61380ff4,38,211,PENDIENTE,2028-11-01,,https://i.ibb.co/nqyL4F81/pendiente-de-subir.png,1
bb50dba7,61380ff4,39,211,PENDIENTE,2028-12-01,,https://i.ibb.co/nqyL4F81/pendiente-de-subir.png,1
2c04a3f5,61380ff4,40,211,PENDIENTE,2029-01-01,,https://i.ibb.co/nqyL4F81/pendiente-de-subir.png,1
3189e6ef,61380ff4,41,211,PENDIENTE,2029-02-01,,https://i.ibb.co/nqyL4F81/pendiente-de-subir.png,1
a45b57fb,61380ff4,42,211,PENDIENTE,2029-03-01,,https://i.ibb.co/nqyL4F81/pendiente-de-subir.png,1
f5c44a4c,61380ff4,44,211,PENDIENTE,2029-05-01,,https://i.ibb.co/nqyL4F81/pendiente-de-subir.png,1
70d4b902,61380ff4,46,211,PENDIENTE,2029-07-01,,https://i.ibb.co/nqyL4F81/pendiente-de-subir.png,1
fca39c4c,61380ff4,47,211,PENDIENTE,2029-08-01,,https://i.ibb.co/nqyL4F81/pendiente-de-subir.png,1
662a92e5,61380ff4,45,211,PENDIENTE,2029-06-01,,https://i.ibb.co/nqyL4F81/pendiente-de-subir.png,1
52304473,61380ff4,43,211,PENDIENTE,2029-04-01,,https://i.ibb.co/nqyL4F81/pendiente-de-subir.png,1
c6c4a371,61380ff4,48,211,PENDIENTE,2029-09-01,,https://i.ibb.co/nqyL4F81/pendiente-de-subir.png,1
a49c951a,74ed8b9d,1,2802.72,PAGADO,2025-10-24,2025-10-24,https://lh3.googleusercontent.com/d/$19GOkXqpUa0EHh0h4so9s0i87bE4mbFxr=w1080,1
e4197138,74ed8b9d,2,2802.72,PAGADO,2025-11-24,2025-11-20,https://lh3.googleusercontent.com/d/$1iA40MgIJkrYmwLsac5Z7K0ESd-MmsS2u=w1080,1
af621dd4,74ed8b9d,3,2802.72,PENDIENTE,2025-12-24,,https://i.ibb.co/nqyL4F81/pendiente-de-subir.png,1
5d712548,74ed8b9d,4,2802.72,PENDIENTE,2026-01-24,,https://i.ibb.co/nqyL4F81/pendiente-de-subir.png,1
a5526014,8985df6b,1,536.88,PAGADO,2025-10-30,2025-10-30,https://lh3.googleusercontent.com/d/$1IGeE9VGK9DJa5hEEZR1JX74OUdKxDSMa=w1080,2
c38d085c,8985df6b,2,556.73,PAGADO,2025-11-30,2025-11-20,https://lh3.googleusercontent.com/d/$1K1DzqGKs0NSF1G_rAb0m2QDY0s84cXip=w1080,1
668b7066,8985df6b,3,556.73,PENDIENTE,2025-12-30,,https://i.ibb.co/nqyL4F81/pendiente-de-subir.png,1
83e7b0d3,8985df6b,4,556.73,PENDIENTE,2026-01-30,,https://i.ibb.co/nqyL4F81/pendiente-de-subir.png,1
19e650e0,8985df6b,5,556.73,PENDIENTE,2026-03-02,,https://i.ibb.co/nqyL4F81/pendiente-de-subir.png,1
48379885,8985df6b,6,556.73,PENDIENTE,2026-03-30,,https://i.ibb.co/nqyL4F81/pendiente-de-subir.png,1
07fa787b,8985df6b,7,556.73,PENDIENTE,2026-04-30,,https://i.ibb.co/nqyL4F81/pendiente-de-subir.png,1
009ca7a7,8985df6b,8,556.73,PENDIENTE,2026-05-30,,https://i.ibb.co/nqyL4F81/pendiente-de-subir.png,1
0c533456,8985df6b,9,556.73,PENDIENTE,2026-06-30,,https://i.ibb.co/nqyL4F81/pendiente-de-subir.png,1
d3c32e9a,8985df6b,10,556.73,PENDIENTE,2026-07-30,,https://i.ibb.co/nqyL4F81/pendiente-de-subir.png,1
1c243a50,8985df6b,11,556.73,PENDIENTE,2026-08-30,,https://i.ibb.co/nqyL4F81/pendiente-de-subir.png,1
24996903,8985df6b,12,556.73,PENDIENTE,2026-09-30,,https://i.ibb.co/nqyL4F81/pendiente-de-subir.png,1
bb2275f4,8985df6b,13,556.73,PENDIENTE,2026-10-30,,https://i.ibb.co/nqyL4F81/pendiente-de-subir.png,1
c16fe866,8985df6b,14,556.73,PENDIENTE,2026-11-30,,https://i.ibb.co/nqyL4F81/pendiente-de-subir.png,1
bc56efec,8985df6b,15,556.73,PENDIENTE,2026-12-30,,https://i.ibb.co/nqyL4F81/pendiente-de-subir.png,1
09c75b89,8985df6b,16,556.73,PENDIENTE,2027-01-30,,https://i.ibb.co/nqyL4F81/pendiente-de-subir.png,1
b28dd92e,8985df6b,17,556.73,PENDIENTE,2027-03-02,,https://i.ibb.co/nqyL4F81/pendiente-de-subir.png,1
55d73f90,8985df6b,18,556.73,PENDIENTE,2027-03-30,,https://i.ibb.co/nqyL4F81/pendiente-de-subir.png,1
28933e1d,8985df6b,19,556.73,PENDIENTE,2027-04-30,,https://i.ibb.co/nqyL4F81/pendiente-de-subir.png,1
9a691835,8985df6b,20,556.73,PENDIENTE,2027-05-30,,https://i.ibb.co/nqyL4F81/pendiente-de-subir.png,1
b04d9ffe,8985df6b,21,556.73,PENDIENTE,2027-06-30,,https://i.ibb.co/nqyL4F81/pendiente-de-subir.png,1
cb106baf,8985df6b,22,556.73,PENDIENTE,2027-07-30,,https://i.ibb.co/nqyL4F81/pendiente-de-subir.png,1
e0efd8e7,8985df6b,23,556.73,PENDIENTE,2027-08-30,,https://i.ibb.co/nqyL4F81/pendiente-de-subir.png,1
af38b81b,8985df6b,24,556.73,PENDIENTE,2027-09-30,,https://i.ibb.co/nqyL4F81/pendiente-de-subir.png,1
6ecb93b2,8985df6b,25,556.73,PENDIENTE,2027-10-30,,https://i.ibb.co/nqyL4F81/pendiente-de-subir.png,1
4d608359,8985df6b,26,556.73,PENDIENTE,2027-11-30,,https://i.ibb.co/nqyL4F81/pendiente-de-subir.png,1
7812861a,8985df6b,27,556.73,PENDIENTE,2027-12-30,,https://i.ibb.co/nqyL4F81/pendiente-de-subir.png,1
c70c899d,8985df6b,28,556.73,PENDIENTE,2028-01-30,,https://i.ibb.co/nqyL4F81/pendiente-de-subir.png,1
bb7c9d20,8985df6b,29,556.73,PENDIENTE,2028-03-01,,https://i.ibb.co/nqyL4F81/pendiente-de-subir.png,1
fc7679fe,8985df6b,30,556.73,PENDIENTE,2028-03-30,,https://i.ibb.co/nqyL4F81/pendiente-de-subir.png,1
c24f4bcf,8985df6b,31,556.73,PENDIENTE,2028-04-30,,https://i.ibb.co/nqyL4F81/pendiente-de-subir.png,1
ac5c4b68,8985df6b,32,556.73,PENDIENTE,2028-05-30,,https://i.ibb.co/nqyL4F81/pendiente-de-subir.png,1
16c8c93f,8985df6b,33,556.73,PENDIENTE,2028-06-30,,https://i.ibb.co/nqyL4F81/pendiente-de-subir.png,1
7f4ec473,8985df6b,34,556.73,PENDIENTE,2028-07-30,,https://i.ibb.co/nqyL4F81/pendiente-de-subir.png,1
de18f623,8985df6b,35,556.73,PENDIENTE,2028-08-30,,https://i.ibb.co/nqyL4F81/pendiente-de-subir.png,1
1d12a3a3,8985df6b,36,556.73,PENDIENTE,2028-09-30,,https://i.ibb.co/nqyL4F81/pendiente-de-subir.png,1
38eee214,8985df6b,37,556.73,PENDIENTE,2028-10-30,,https://i.ibb.co/nqyL4F81/pendiente-de-subir.png,1
8b14c66e,8985df6b,38,556.73,PENDIENTE,2028-11-30,,https://i.ibb.co/nqyL4F81/pendiente-de-subir.png,1
696f1549,8985df6b,39,556.73,PENDIENTE,2028-12-30,,https://i.ibb.co/nqyL4F81/pendiente-de-subir.png,1
558e5f5d,8985df6b,40,556.73,PENDIENTE,2029-01-30,,https://i.ibb.co/nqyL4F81/pendiente-de-subir.png,1
5bd292cb,8985df6b,41,556.73,PENDIENTE,2029-03-02,,https://i.ibb.co/nqyL4F81/pendiente-de-subir.png,1
530e8fcf,8985df6b,42,556.73,PENDIENTE,2029-03-30,,https://i.ibb.co/nqyL4F81/pendiente-de-subir.png,1
3bf0d7e8,8985df6b,43,556.73,PENDIENTE,2029-04-30,,https://i.ibb.co/nqyL4F81/pendiente-de-subir.png,1
134f7101,8985df6b,44,556.73,PENDIENTE,2029-05-30,,https://i.ibb.co/nqyL4F81/pendiente-de-subir.png,1
f407d095,8985df6b,45,556.73,PENDIENTE,2029-06-30,,https://i.ibb.co/nqyL4F81/pendiente-de-subir.png,1
e23bbc3a,8985df6b,46,556.73,PENDIENTE,2029-07-30,,https://i.ibb.co/nqyL4F81/pendiente-de-subir.png,1
502c7a94,8985df6b,47,556.73,PENDIENTE,2029-08-30,,https://i.ibb.co/nqyL4F81/pendiente-de-subir.png,1
838f80e3,8985df6b,48,556.73,PENDIENTE,2029-09-30,,https://i.ibb.co/nqyL4F81/pendiente-de-subir.png,1
098e1aee,8985df6b,49,556.73,PENDIENTE,2029-10-30,,https://i.ibb.co/nqyL4F81/pendiente-de-subir.png,1
50492f7c,8985df6b,50,556.73,PENDIENTE,2029-11-30,,https://i.ibb.co/nqyL4F81/pendiente-de-subir.png,1
ce372d81,8985df6b,51,556.73,PENDIENTE,2029-12-30,,https://i.ibb.co/nqyL4F81/pendiente-de-subir.png,1
6b02e6c4,8985df6b,52,556.73,PENDIENTE,2030-01-30,,https://i.ibb.co/nqyL4F81/pendiente-de-subir.png,1
9c24e995,8985df6b,53,556.73,PENDIENTE,2030-03-02,,https://i.ibb.co/nqyL4F81/pendiente-de-subir.png,1
68b2c900,8985df6b,54,556.73,PENDIENTE,2030-03-30,,https://i.ibb.co/nqyL4F81/pendiente-de-subir.png,1
b916d5b1,8985df6b,55,556.73,PENDIENTE,2030-04-30,,https://i.ibb.co/nqyL4F81/pendiente-de-subir.png,1
8a730f01,8985df6b,56,556.73,PENDIENTE,2030-05-30,,https://i.ibb.co/nqyL4F81/pendiente-de-subir.png,1
284869de,8985df6b,57,556.73,PENDIENTE,2030-06-30,,https://i.ibb.co/nqyL4F81/pendiente-de-subir.png,1
e6fe2626,8985df6b,58,556.73,PENDIENTE,2030-07-30,,https://i.ibb.co/nqyL4F81/pendiente-de-subir.png,1
ee9cbcbc,8985df6b,59,556.73,PENDIENTE,2030-08-30,,https://i.ibb.co/nqyL4F81/pendiente-de-subir.png,1
53b042e2,8985df6b,60,556.73,PENDIENTE,2030-09-30,,https://i.ibb.co/nqyL4F81/pendiente-de-subir.png,1
14809def,754d08cb,1,1830.92,PAGADO,2025-11-03,2025-11-05,https://lh3.googleusercontent.com/d/$1beqYWuN2iaqB7wcNJqwGzz1H10BfjG4A=w1080,1
16064936,754d08cb,2,1830.92,PAGADO,2025-12-03,2025-12-26,https://lh3.googleusercontent.com/d/$1RFUy3OBtqNXoNyIOBlkN0tKKokSZByWE=w1080,1
4ceca9b2,754d08cb,3,1830.92,PENDIENTE,2026-01-03,,https://i.ibb.co/nqyL4F81/pendiente-de-subir.png,1
d8a57777,7e7f3df3,1,2968.6,PAGADO,2025-12-21,2025-12-26,https://lh3.googleusercontent.com/d/$1FmpyeHkDOHL5M7IBLVuv32DTKeDhInUO=w1080,2
fa0b5965,7e7f3df3,2,2968.6,PENDIENTE,2026-01-21,,https://i.ibb.co/nqyL4F81/pendiente-de-subir.png,1
c25243f5,7e7f3df3,3,2968.6,PENDIENTE,2026-02-21,,https://i.ibb.co/nqyL4F81/pendiente-de-subir.png,1
d6fa34bc,7e7f3df3,4,2968.6,PENDIENTE,2026-03-21,,https://i.ibb.co/nqyL4F81/pendiente-de-subir.png,1
68749682,7e7f3df3,5,2968.6,PENDIENTE,2026-04-21,,https://i.ibb.co/nqyL4F81/pendiente-de-subir.png,1
d0e9ee97,7e7f3df3,6,2968.6,PENDIENTE,2026-05-21,,https://i.ibb.co/nqyL4F81/pendiente-de-subir.png,1
dd00c5dc,7e7f3df3,7,2968.6,PENDIENTE,2026-06-21,,https://i.ibb.co/nqyL4F81/pendiente-de-subir.png,1
5987f090,7e7f3df3,8,2968.6,PENDIENTE,2026-07-21,,https://i.ibb.co/nqyL4F81/pendiente-de-subir.png,1
5ac86b51,7e7f3df3,9,2968.6,PENDIENTE,2026-08-21,,https://i.ibb.co/nqyL4F81/pendiente-de-subir.png,1
921442b6,7e7f3df3,10,2968.6,PENDIENTE,2026-09-21,,https://i.ibb.co/nqyL4F81/pendiente-de-subir.png,1
4cd3813c,7e7f3df3,11,2968.6,PENDIENTE,2026-10-21,,https://i.ibb.co/nqyL4F81/pendiente-de-subir.png,1
6ffcf3b2,7e7f3df3,12,2968.6,PENDIENTE,2026-11-21,,https://i.ibb.co/nqyL4F81/pendiente-de-subir.png,1
c43a8905,7e7f3df3,13,2968.6,PENDIENTE,2026-12-21,,https://i.ibb.co/nqyL4F81/pendiente-de-subir.png,1
cd0a8dc4,7e7f3df3,14,2968.6,PENDIENTE,2027-01-21,,https://i.ibb.co/nqyL4F81/pendiente-de-subir.png,1
facad040,7e7f3df3,15,2968.6,PENDIENTE,2027-02-21,,https://i.ibb.co/nqyL4F81/pendiente-de-subir.png,1
f2b62b3b,7e7f3df3,16,2968.6,PENDIENTE,2027-03-21,,https://i.ibb.co/nqyL4F81/pendiente-de-subir.png,1
fce39a64,7e7f3df3,17,2968.6,PENDIENTE,2027-04-21,,https://i.ibb.co/nqyL4F81/pendiente-de-subir.png,1
fc773b60,7e7f3df3,18,2968.6,PENDIENTE,2027-05-21,,https://i.ibb.co/nqyL4F81/pendiente-de-subir.png,1
1f5b963c,7e7f3df3,19,2968.6,PENDIENTE,2027-06-21,,https://i.ibb.co/nqyL4F81/pendiente-de-subir.png,1
7365dc60,7e7f3df3,20,2968.6,PENDIENTE,2027-07-21,,https://i.ibb.co/nqyL4F81/pendiente-de-subir.png,1
a5f9a59c,7e7f3df3,21,2968.6,PENDIENTE,2027-08-21,,https://i.ibb.co/nqyL4F81/pendiente-de-subir.png,1
826d6a3b,7e7f3df3,22,2968.6,PENDIENTE,2027-09-21,,https://i.ibb.co/nqyL4F81/pendiente-de-subir.png,1
40ae92d6,7e7f3df3,23,2968.6,PENDIENTE,2027-10-21,,https://i.ibb.co/nqyL4F81/pendiente-de-subir.png,1
666fe434,7e7f3df3,24,2968.6,PENDIENTE,2027-11-21,,https://i.ibb.co/nqyL4F81/pendiente-de-subir.png,1
ecefbede,a7a6f164,1,1357.82,PAGADO,2025-10-25,2025-11-24,https://lh3.googleusercontent.com/d/$1lMouDqI-gVg6WT-jqRFO7JzbzoVYCg31=w1080,1
99643bfa,a7a6f164,2,1357.82,PAGADO,2025-11-25,2025-11-25,https://lh3.googleusercontent.com/d/$1CGyev6yaX4ybViIkZEDozZ9AfadCZKXn=w1080,1
be474451,a7a6f164,3,1360,PAGADO,2025-12-25,2025-12-23,https://lh3.googleusercontent.com/d/$1ZaCVJZEfANICK7KP4DGCf6GefIJZDnG0=w1080,1
3ee0fdaa,a7a6f164,4,1357.82,PENDIENTE,2026-01-25,,https://i.ibb.co/nqyL4F81/pendiente-de-subir.png,1
6bd4204a,a7a6f164,5,1357.82,PENDIENTE,2026-02-25,,https://i.ibb.co/nqyL4F81/pendiente-de-subir.png,1
4e2d9bb3,a7a6f164,6,1357.82,PENDIENTE,2026-03-25,,https://i.ibb.co/nqyL4F81/pendiente-de-subir.png,1
15994077,a7a6f164,7,1357.82,PENDIENTE,2026-04-25,,https://i.ibb.co/nqyL4F81/pendiente-de-subir.png,1
83ff7dce,a7a6f164,8,1357.82,PENDIENTE,2026-05-25,,https://i.ibb.co/nqyL4F81/pendiente-de-subir.png,1
ac3bc7c2,a7a6f164,9,1357.82,PENDIENTE,2026-06-25,,https://i.ibb.co/nqyL4F81/pendiente-de-subir.png,1
19536cec,a7a6f164,10,1357.82,PENDIENTE,2026-07-25,,https://i.ibb.co/nqyL4F81/pendiente-de-subir.png,1
42adb142,a7a6f164,11,1357.82,PENDIENTE,2026-08-25,,https://i.ibb.co/nqyL4F81/pendiente-de-subir.png,1
694fc76e,a7a6f164,12,1357.82,PENDIENTE,2026-09-25,,https://i.ibb.co/nqyL4F81/pendiente-de-subir.png,1
e5550a29,a7a6f164,13,1357.82,PENDIENTE,2026-10-25,,https://i.ibb.co/nqyL4F81/pendiente-de-subir.png,1
f278e2b8,a7a6f164,14,1357.82,PENDIENTE,2026-11-25,,https://i.ibb.co/nqyL4F81/pendiente-de-subir.png,1
22625601,a7a6f164,15,1357.82,PENDIENTE,2026-12-25,,https://i.ibb.co/nqyL4F81/pendiente-de-subir.png,1
84bf9922,a7a6f164,16,1357.82,PENDIENTE,2027-01-25,,https://i.ibb.co/nqyL4F81/pendiente-de-subir.png,1
5b986300,a7a6f164,17,1357.82,PENDIENTE,2027-02-25,,https://i.ibb.co/nqyL4F81/pendiente-de-subir.png,1
cf751eb6,a7a6f164,18,1357.82,PENDIENTE,2027-03-25,,https://i.ibb.co/nqyL4F81/pendiente-de-subir.png,1